#!,Workbook:,Custom,Custom
#!,To play this data back: Open the original Excel workbook file then click the *Import Data File* button in the *Data Streamer* ribbon and navigate to this file.
#!,For more information visit http://aka.ms/hackingstem/
H=100,spo=-999
H=300,spo=-999
H=300,spo=-999
H=300,spo=-999
H=300,spo=-999
H=300,spo=-999
H=300,spo=-999
H=300,spo=-999
H=300,spo=-999
H=300,spo=-999
H=300,spo=-999
H=300,spo=-999
H=300,spo=-999
H=300,spo=-999
H=300,spo=-999
H=300,spo=-999
H=300,spo=-999
H=300,spo=-999
H=300,spo=-999
H=300,spo=-999
H=300,spo=-999
H=300,spo=-999
H=300,spo=-999
H=300,spo=-999
H=300,spo=-999
H=300,spo=-999
H=136,spo=-999
H=136,spo=-999
H=136,spo=-999
H=136,spo=-999
H=136,spo=-999
H=136,spo=-999
H=136,spo=-999
H=136,spo=-999
H=136,spo=-999
H=136,spo=-999
H=136,spo=-999
H=136,spo=-999
H=136,spo=-999
H=136,spo=-999
H=136,spo=-999
H=136,spo=-999
H=136,spo=-999
H=136,spo=-999
H=136,spo=-999
H=136,spo=-999
H=136,spo=-999
H=136,spo=-999
H=136,spo=-999
H=136,spo=-999
H=136,spo=-999
H=166,spo=72
H=166,spo=72
H=166,spo=72
H=166,spo=72
H=166,spo=72
H=166,spo=72
H=166,spo=72
H=166,spo=72
H=166,spo=72
H=166,spo=72
H=166,spo=72
H=166,spo=72
H=166,spo=72
H=166,spo=72
H=166,spo=72
H=166,spo=72
H=166,spo=72
H=166,spo=72
H=166,spo=72
H=166,spo=72
H=166,spo=72
H=166,spo=72
H=166,spo=72
H=166,spo=72
H=166,spo=72
H=166,spo=69
H=166,spo=69
H=166,spo=69
H=166,spo=69
H=166,spo=69
H=166,spo=69
H=166,spo=69
H=166,spo=69
H=166,spo=69
H=166,spo=69
H=166,spo=69
H=166,spo=69
H=166,spo=69
H=166,spo=69
H=166,spo=69
H=166,spo=69
H=166,spo=69
H=166,spo=69
H=166,spo=69
H=166,spo=69
H=166,spo=69
H=166,spo=69
H=166,spo=69
H=166,spo=69
H=166,spo=69
H=68,spo=14
H=68,spo=14
H=68,spo=14
H=68,spo=14
H=68,spo=14
H=68,spo=14
H=68,spo=14
H=68,spo=14
H=68,spo=14
H=68,spo=14
H=68,spo=14
H=68,spo=14
H=68,spo=14
H=68,spo=14
H=68,spo=14
H=68,spo=14
H=68,spo=14
H=68,spo=14
H=68,spo=14
H=68,spo=14
H=68,spo=14
H=68,spo=14
H=68,spo=14
H=68,spo=14
H=68,spo=14
H=250,spo=-999
H=250,spo=-999
H=250,spo=-999
H=250,spo=-999
H=250,spo=-999
H=250,spo=-999
H=250,spo=-999
H=250,spo=-999
H=250,spo=-999
H=250,spo=-999
H=250,spo=-999
H=250,spo=-999
H=250,spo=-999
H=250,spo=-999
H=250,spo=-999
H=250,spo=-999
H=250,spo=-999
H=250,spo=-999
H=250,spo=-999
H=250,spo=-999
H=250,spo=-999
H=250,spo=-999
H=250,spo=-999
H=250,spo=-999
H=250,spo=-999
H=150,spo=-999
H=150,spo=-999
H=150,spo=-999
H=150,spo=-999
H=150,spo=-999
H=150,spo=-999
H=150,spo=-999
H=150,spo=-999
H=150,spo=-999
H=150,spo=-999
H=150,spo=-999
H=150,spo=-999
H=150,spo=-999
H=150,spo=-999
H=150,spo=-999
H=150,spo=-999
H=150,spo=-999
H=150,spo=-999
H=150,spo=-999
H=150,spo=-999
H=150,spo=-999
H=150,spo=-999
H=150,spo=-999
H=150,spo=-999
H=150,spo=-999
H=166,spo=-999
H=166,spo=-999
H=166,spo=-999
H=166,spo=-999
H=166,spo=-999
H=166,spo=-999
H=166,spo=-999
H=166,spo=-999
H=166,spo=-999
H=166,spo=-999
H=166,spo=-999
H=166,spo=-999
H=166,spo=-999
H=166,spo=-999
H=166,spo=-999
H=166,spo=-999
H=166,spo=-999
H=166,spo=-999
H=166,spo=-999
H=166,spo=-999
H=166,spo=-999
H=166,spo=-999
H=166,spo=-999
H=166,spo=-999
H=166,spo=-999
H=166,spo=-999
H=166,spo=-999
H=166,spo=-999
H=166,spo=-999
H=166,spo=-999
H=166,spo=-999
H=166,spo=-999
H=166,spo=-999
H=166,spo=-999
H=166,spo=-999
H=166,spo=-999
H=166,spo=-999
H=166,spo=-999
H=166,spo=-999
H=166,spo=-999
H=166,spo=-999
H=166,spo=-999
H=166,spo=-999
H=166,spo=-999
H=166,spo=-999
H=166,spo=-999
H=166,spo=-999
H=166,spo=-999
H=166,spo=-999
H=166,spo=-999
H=136,spo=3
H=136,spo=3
H=136,spo=3
H=136,spo=3
H=136,spo=3
H=136,spo=3
H=136,spo=3
H=136,spo=3
H=136,spo=3
H=136,spo=3
H=136,spo=3
H=136,spo=3
H=136,spo=3
H=136,spo=3
H=136,spo=3
H=136,spo=3
H=136,spo=3
H=136,spo=3
H=136,spo=3
H=136,spo=3
H=136,spo=3
H=136,spo=3
H=136,spo=3
H=136,spo=3
H=136,spo=3
H=150,spo=89
H=150,spo=89
H=150,spo=89
H=150,spo=89
H=150,spo=89
H=150,spo=89
H=150,spo=89
H=150,spo=89
H=150,spo=89
H=150,spo=89
H=150,spo=89
H=150,spo=89
H=150,spo=89
H=150,spo=89
H=150,spo=89
H=150,spo=89
H=150,spo=89
H=150,spo=89
H=150,spo=89
H=150,spo=89
H=150,spo=89
H=150,spo=89
H=150,spo=89
H=150,spo=89
H=150,spo=89
H=107,spo=98
H=107,spo=98
H=107,spo=98
H=107,spo=98
H=107,spo=98
H=107,spo=98
H=107,spo=98
H=107,spo=98
H=107,spo=98
H=107,spo=98
H=107,spo=98
H=107,spo=98
H=107,spo=98
H=107,spo=98
H=107,spo=98
H=107,spo=98
H=107,spo=98
H=107,spo=98
H=107,spo=98
H=107,spo=98
H=107,spo=98
H=107,spo=98
H=107,spo=98
H=107,spo=98
H=107,spo=98
H=39,spo=5
H=39,spo=5
H=39,spo=5
H=39,spo=5
H=39,spo=5
H=39,spo=5
H=39,spo=5
H=39,spo=5
H=39,spo=5
H=39,spo=5
H=39,spo=5
H=39,spo=5
H=39,spo=5
H=39,spo=5
H=39,spo=5
H=39,spo=5
H=39,spo=5
H=39,spo=5
H=39,spo=5
H=39,spo=5
H=39,spo=5
H=39,spo=5
H=39,spo=5
H=39,spo=5
H=39,spo=5
H=150,spo=-999
H=150,spo=-999
H=150,spo=-999
H=150,spo=-999
H=150,spo=-999
H=150,spo=-999
H=150,spo=-999
H=150,spo=-999
H=150,spo=-999
H=150,spo=-999
H=150,spo=-999
H=150,spo=-999
H=150,spo=-999
H=150,spo=-999
H=150,spo=-999
H=150,spo=-999
H=150,spo=-999
H=150,spo=-999
H=150,spo=-999
H=150,spo=-999
H=150,spo=-999
H=150,spo=-999
H=150,spo=-999
H=150,spo=-999
H=150,spo=-999
H=136,spo=-999
H=136,spo=-999
H=136,spo=-999
H=136,spo=-999
H=136,spo=-999
H=136,spo=-999
H=136,spo=-999
H=136,spo=-999
H=136,spo=-999
H=136,spo=-999
H=136,spo=-999
H=136,spo=-999
H=136,spo=-999
H=136,spo=-999
H=136,spo=-999
H=136,spo=-999
H=136,spo=-999
H=136,spo=-999
H=136,spo=-999
H=136,spo=-999
H=136,spo=-999
H=136,spo=-999
H=136,spo=-999
H=136,spo=-999
H=136,spo=-999
H=136,spo=81
H=136,spo=81
H=136,spo=81
H=136,spo=81
H=136,spo=81
H=136,spo=81
H=136,spo=81
H=136,spo=81
H=136,spo=81
H=136,spo=81
H=136,spo=81
H=136,spo=81
H=136,spo=81
H=136,spo=81
H=136,spo=81
H=136,spo=81
H=136,spo=81
H=136,spo=81
H=136,spo=81
H=136,spo=81
H=136,spo=81
H=136,spo=81
H=136,spo=81
H=136,spo=81
H=136,spo=81
H=166,spo=12
H=166,spo=12
H=166,spo=12
H=166,spo=12
H=166,spo=12
H=166,spo=12
H=166,spo=12
H=166,spo=12
H=166,spo=12
H=166,spo=12
H=166,spo=12
H=166,spo=12
H=166,spo=12
H=166,spo=12
H=166,spo=12
H=166,spo=12
H=166,spo=12
H=166,spo=12
H=166,spo=12
H=166,spo=12
H=166,spo=12
H=166,spo=12
H=166,spo=12
H=166,spo=12
H=166,spo=12
H=53,spo=-999
H=53,spo=-999
H=53,spo=-999
H=53,spo=-999
H=53,spo=-999
H=53,spo=-999
H=53,spo=-999
H=53,spo=-999
H=53,spo=-999
H=53,spo=-999
H=53,spo=-999
H=53,spo=-999
H=53,spo=-999
H=53,spo=-999
H=53,spo=-999
H=53,spo=-999
H=53,spo=-999
H=53,spo=-999
H=53,spo=-999
H=53,spo=-999
H=53,spo=-999
H=53,spo=-999
H=53,spo=-999
H=53,spo=-999
H=53,spo=-999
H=107,spo=39
H=107,spo=39
H=107,spo=39
H=107,spo=39
H=107,spo=39
H=107,spo=39
H=107,spo=39
H=107,spo=39
H=107,spo=39
H=107,spo=39
H=107,spo=39
H=107,spo=39
H=107,spo=39
H=107,spo=39
H=107,spo=39
H=107,spo=39
H=107,spo=39
H=107,spo=39
H=107,spo=39
H=107,spo=39
H=107,spo=39
H=107,spo=39
H=107,spo=39
H=107,spo=39
H=107,spo=39
H=115,spo=15
H=115,spo=15
H=115,spo=15
H=115,spo=15
H=115,spo=15
H=115,spo=15
H=115,spo=15
H=115,spo=15
H=115,spo=15
H=115,spo=15
H=115,spo=15
H=115,spo=15
H=115,spo=15
H=115,spo=15
H=115,spo=15
H=115,spo=15
H=115,spo=15
H=115,spo=15
H=115,spo=15
H=115,spo=15
H=115,spo=15
H=115,spo=15
H=115,spo=15
H=115,spo=15
H=115,spo=15
H=166,spo=-999
H=166,spo=-999
H=166,spo=-999
H=166,spo=-999
H=166,spo=-999
H=166,spo=-999
H=166,spo=-999
H=166,spo=-999
H=166,spo=-999
H=166,spo=-999
H=166,spo=-999
H=166,spo=-999
H=166,spo=-999
H=166,spo=-999
H=166,spo=-999
H=166,spo=-999
H=166,spo=-999
H=166,spo=-999
H=166,spo=-999
H=166,spo=-999
H=166,spo=-999
H=166,spo=-999
H=166,spo=-999
H=166,spo=-999
H=166,spo=-999
H=27,spo=15
H=27,spo=15
H=27,spo=15
H=27,spo=15
H=27,spo=15
H=27,spo=15
H=27,spo=15
H=27,spo=15
H=27,spo=15
H=27,spo=15
H=27,spo=15
H=27,spo=15
H=27,spo=15
H=27,spo=15
H=27,spo=15
H=27,spo=15
H=27,spo=15
H=27,spo=15
H=27,spo=15
H=27,spo=15
H=27,spo=15
H=27,spo=15
H=27,spo=15
H=27,spo=15
H=27,spo=15
H=57,spo=-999
H=57,spo=-999
H=57,spo=-999
H=57,spo=-999
H=57,spo=-999
H=57,spo=-999
H=57,spo=-999
H=57,spo=-999
H=57,spo=-999
H=57,spo=-999
H=57,spo=-999
H=57,spo=-999
H=57,spo=-999
H=57,spo=-999
H=57,spo=-999
H=57,spo=-999
H=57,spo=-999
H=57,spo=-999
H=57,spo=-999
H=57,spo=-999
H=57,spo=-999
H=57,spo=-999
H=57,spo=-999
H=57,spo=-999
H=57,spo=-999
H=115,spo=-999
H=115,spo=-999
H=115,spo=-999
H=115,spo=-999
H=115,spo=-999
H=115,spo=-999
H=115,spo=-999
H=115,spo=-999
H=115,spo=-999
H=115,spo=-999
H=115,spo=-999
H=115,spo=-999
H=115,spo=-999
H=115,spo=-999
H=115,spo=-999
H=115,spo=-999
H=115,spo=-999
H=115,spo=-999
H=115,spo=-999
H=115,spo=-999
H=115,spo=-999
H=115,spo=-999
H=115,spo=-999
H=115,spo=-999
H=115,spo=-999
H=115,spo=-999
H=115,spo=-999
H=115,spo=-999
H=115,spo=-999
H=115,spo=-999
H=115,spo=-999
H=115,spo=-999
H=115,spo=-999
H=115,spo=-999
H=115,spo=-999
H=115,spo=-999
H=115,spo=-999
H=115,spo=-999
H=115,spo=-999
H=115,spo=-999
H=115,spo=-999
H=115,spo=-999
H=115,spo=-999
H=115,spo=-999
H=115,spo=-999
H=115,spo=-999
H=115,spo=-999
H=115,spo=-999
H=115,spo=-999
H=115,spo=-999
H=125,spo=3
H=125,spo=3
H=125,spo=3
H=125,spo=3
H=125,spo=3
H=125,spo=3
H=125,spo=3
H=125,spo=3
H=125,spo=3
H=125,spo=3
H=125,spo=3
H=125,spo=3
H=125,spo=3
H=125,spo=3
H=125,spo=3
H=125,spo=3
H=125,spo=3
H=125,spo=3
H=125,spo=3
H=125,spo=3
H=125,spo=3
H=125,spo=3
H=125,spo=3
H=125,spo=3
H=125,spo=3
H=-999,spo=-999
H=-999,spo=-999
H=-999,spo=-999
H=-999,spo=-999
H=-999,spo=-999
H=-999,spo=-999
H=-999,spo=-999
H=-999,spo=-999
H=-999,spo=-999
H=-999,spo=-999
H=-999,spo=-999
H=-999,spo=-999
H=-999,spo=-999
H=-999,spo=-999
H=-999,spo=-999
H=-999,spo=-999
H=-999,spo=-999
H=-999,sp-999
H=-999,spo=-999
H=-999,spo=-999
H=-999,spo=-999
H=-999,spo=-999
H=-999,spo=-999
H=-999,spo=-999
H=-999,spo=-999
H=150,spo=-999
H=150,spo=-999
H=150,spo=-999
H=150,spo=-999
H=150,spo=-999
H=150,spo=-999
H=150,spo=-999
H=150,spo=-999
H=150,spo=-999
H=150,spo=-999
H=150,spo=-999
H=150,spo=-999
H=150,spo=-999
H=150,spo=-999
H=150,spo=-999
H=150,spo=-999
H=150,spo=-999
H=150,spo=-999
H=150,spo=-999
H=150,spo=-999
H=150,spo=-999
H=150,spo=-999
H=150,spo=-999
H=150,spo=-999
H=150,spo=-999
H=136,spo=87
H=136,spo=87
H=13spo=87
H=136,spo=87
H=136,spo=87
H=136,spo=87
H=136,spo=87
H=136,spo=87
H=136,spo=87
H=136,spo=87
H=136,spo=87
H=136,spo=87
H=136,spo=87
H=136,spo=87
H=136,spo=87
H=136,spo=87
H=136,spo=87
H=136,spo=87
H=136,spo=87
H=136,spo=87
H=136,spo=87
H=136,spo=87
H=136,spo=87
H=136,spo=87
H=136,spo=87
H=71,spo=53
H=71,spo=53
H=71,spo=53
H=71,spo=53
H=71,spo=53
H=71,spo=53
H=71,spo=53
H=71,spo=53
H=71,spo=53
H=71,spo=53
H=71,spo=53
H=71,spo=53
H=71,sp=53
H=71,spo=53
H=71,spo=53
H=71,spo=53
H=71,spo=53
H=71,spo=53
H=71,spo=53
H=71,spo=53
H=71,spo=53
H=71,spo=53
H=71,spo=53
H=71,spo=53
H=71,spo=53
H=136,spo=-999
H=136,spo=-999
H=136,spo=-999
H=136,spo=-999
H=136,spo=-999
H=136,spo=-999
H=136,spo=-999
H=136,spo=-999
H=136,spo=-999
H=136,spo=-999
H=136,spo=-999
H=136,spo=-999
H=136,spo=-999
H=136,spo=-999
H=136,spo=-999
H=136,spo=-999
H=136,spo=-999
H=136,spo=-999
H=136,spo=-999
H=136,spo=-999
H=136,spo=-999
H=136,spo=-999
H=136,spo=-999
H=136,spo=-999
H=136,spo=-999
H=136,spo=-999
H=136,spo=-999
H=136,spo=-999
H=136,spo=-999
H=136,spo=-999
H=136,spo=-999
H=136,spo=-999
H=136,spo=-999
H=136,spo=-999
H=136,spo=-999
H=136,spo=-999
H=136,spo=-999
H=136,spo=-999
H=136,spo=-999
H=136,spo=-999
H=136,spo=-999
H=136,spo=-999
H=136,spo=-999
H=136,spo=-999
H=136,spo=-999
H=136,spo=-999
H=136,spo=-999
H=136,spo=-999
H=136,spo=-999
H=136,spo=-999
H=37,spo=-999
H=37,spo=-999
H=37,spo=-999
H=37,spo=-999
H=37,spo=-999
H=37,spo=-999
H=37,spo=-999
H=37,spo=-999
H=37,spo=-999
H=37,spo=-999
H=37,spo=-999
H=37,spo=-999
H=37,spo=-999
H=37,spo=-999
H=37,spo=-999
H=37,spo=-999
H=37,spo=-999
H=37,spo=-999
H=37,spo=-999
H=37,spo=-999
H=37,spo=-999
H=37,spo=-999
H=37,spo=-999
H=37,spo=-999
H=37,spo=-999
H=187,spo=-999
H=187,spo=-999
H=187,spo=-999
H=187,spo=-999
H=187,spo=-999
H=187,spo=-999
H=187,spo=-999
H=187,spo=-999
H=187,spo=-999
H=187,spo=-999
H=187,spo=-999
H=187,spo=-999
H=187,spo=-999
H=187,spo=-999
H=187,spo=-999
H=187,spo=-999
H=187,spo=-999
H=187,spo=-999
H=187,spo=-999
H=187,spo=-999
H=187,spo=-999
H=187,spo=-999
H=187,spo=-999
H=187,spo=-999
H=187,spo=-999
H=166,spo=2
H=166,spo=2
H=166,spo=2
H=166,spo=2
H=166,spo=2
H=166,spo=2
H=166,spo=2
H=166,spo=2
H=166,spo=2
H=166,spo=2
H=166,spo=2
H=166,spo=2
H=166,spo=2
H=166,spo=2
H=166,spo=2
H=166,spo=2
H=166,spo=2
H=166,spo=2
H=166,spo=2
H=166,spo=2
H=166,spo=2
H=166,spo=2
H=166,spo=2
H=166,spo=2
H=166,spo=2
H=150,spo=-999
H=150,spo=-999
H=150,spo=-999
H=150,spo=-999
H=150,spo=-999
H=150,spo=-999
H=150,spo=-999
H=150,spo=-999
H=150,spo=-999
H=150,spo=-999
H=150,spo=-999
H=150,spo=-999
H=150,spo=-999
H=150,spo=-999
H=150,spo=-999
H=150,spo=-999
H=150,spo=-999
H=150,spo=-999
H=150,spo=-999
H=150,spo=-999
H=150,spo=-999
H=150,spo=-999
H=150,spo=-999
H=150,spo=-999
H=150,spo=-999
H=125,spo=-999
H=125,spo=-999
H=125,spo=-999
H=125,spo=-999
H=125,spo=-999
H=125,spo=-999
H=125,spo=-999
H=125,spo=-999
H=125,spo=-999
H=125,spo=-999
H=125,spo=-999
H=125,spo=-999
H=125,spo=-999
H=125,spo=-999
H=125,spo=-999
H=125,spo=-999
H=125,spo=-999
H=125,spo=-999
H=125,spo=-999
H=125,spo=-999
H=125,spo=-999
H=125,spo=-999
H=125,spo=-999
H=125,spo=-999
H=125,spo=-999
H=125,spo=-999
H=125,spo=-999
H=125,spo=-999
H=125,spo=-999
H=125,spo=-999
H=125,spo=-999
H=125,spo=-999
H=125,spo=-999
H=125,spo=-999
H=125,spo=-999
H=125,spo=-999
H=125,spo=-999
H=125,spo=-999
H=125,spo=-999
H=125,spo=-999
H=125,spo=-999
H=125,spo=-999
H=125,spo=-999
H=125,spo=-999
H=125,spo=-999
H=125,spo=-999
H=125,spo=-999
H=125,spo=99
H=125,spo=-999
H=125,spo=-999
H=83,spo=100
H=83,spo=100
H=83,spo=100
H=83,spo=100
H=83,spo=100
H=83,spo=100
H=83,spo=100
H=83,spo=100
H=83,spo=100
H=83,spo=100
H=83,spo=100
H=83,spo=100
H=83,spo=100
H=83,spo=100
H=83,spo=100
H=83,spo=100
H=83,spo=100
H=83,spo=100
H=83,spo=100
H=83,spo=100
H=83,spo=100
H=83,spo=100
H=83,spo=100
H=83,spo=100
H=83,spo=100
H=166,spo=70
H=166,spo=70
H=166,spo=70
H=166,spo=70
H=166,spo=70
H=166,spo=70
H=166,spo=70
H=166,spo=70
H=166,spo=70
H=166,spo=70
H=166,spo=70
H=166,spo=70
H=166,spo=70
H=166,spo=70
H=166,spo=70
H=166,spo=70
H=166,spo=70
H=166,spo=70
H=166,spo=70
H=166,spo=70
H=166,spo=70
H=166,spo=70
H=166,spo=70
H=166,spo=70
H=166,spo=70
H=125,spo=-999
H=125,spo=-999
H=125,spo=-999
H=125,spo=-999
H=125,spo=-999
H=125,spo=-999
H=125,spo=-999
H=125,spo=-999
H=125,spo=-999
H=125,spo=-999
H=125,spo=-999
H=125,spo=-999
H=125,spo=-999
H=125,spo=-999
H=125,spo=-999
H=125,spo=-999
H=125,spo=-999
H=125,spo=-999
H=125,spo=-999
H=125,spo=-999
H=125,spo=-999
H=125,spo=-999
H=125,spo=-999
H=125,spo=-999
H=125,spo=-999
H=88,spo=70
H=88,spo=70
H=88,spo=70
H=88,spo=70
H=88,spo=70
H=88,spo=70
H=88,spo=70
H=88,spo=70
H=88,spo=70
H=88,spo=70
H=88,spo=70
H=88,spo=70
H=88,spo=70
H=88,spo=70
H=88,spo=70
H=88,spo=70
H=88,spo=70
H=88,spo=70
H=88,spo=70
H=88,spo=70
H=88,spo=70
H=88,spo=70
H=88,spo=70
H=88,spo=70
H=88,spo=70
H=53,spo=-999
H=53,spo=-999
H=53,spo=-999
H=53,spo=-999
H=53,spo=-999
H=53,spo=-999
H=53,spo=-999
H=53,spo=-999
H=53,spo=-999
H=53,spo=-999
H=53,spo=-999
H=53,spo=-999
H=53,spo=-999
H=53,spo=-999
H=53,spo=-999
H=53,spo=-999
H=53,spo=-999
H=53,spo=-999
H=53,spo=-999
H=53,spo=-999
H=53,spo=-999
H=53,spo=-999
H=53,spo=-999
H=53,spo=-999
H=53,spo=-999
H=68,spo=16
H=68,spo=16
H=68,spo=16
H=68,spo=16
H=68,spo=16
H=68,spo=16
H=68,spo=16
H=68,spo=16
H=68,spo=16
H=68,spo=16
H=68,spo=16
H=68,spo=16
H=68,spo=16
H=68,spo=16
H=68,spo=16
H=68,spo=16
H=68,spo=16
H=68,spo=16
H=68,spo=16
H=68,spo=16
H=68,spo=16
H=68,spo=16
H=68,spo=16
H=68,spo=16
H=68,spo=16
H=42,spo=45
H=42,spo=45
H=42,spo=45
H=42,spo=45
H=42,spo=45
H=42,spo=45
H=42,spo=45
H=42,spo=45
H=42,spo=45
H=42,spo=45
H=42,spo=45
H=42,spo=45
H=42,spo=45
H=42,spo=45
H=42,spo=45
H=42,spo=45
H=42,spo=45
H=42,spo=45
H=42,spo=45
H=42,spo=45
H=42,spo=45
H=42,spo=45
H=42,spo=45
H=42,spo=45
H=42,spo=45
H=88,spo=46
H=88,spo=46
H=88,spo=46
H=88,spo=46
H=88,spo=46
H=88,spo=46
H=88,spo=46
H=88,spo=46
H=88,spo=46
H=88,spo=46
H=88,spo=46
H=88,spo=46
H=88,spo=46
H=88,spo=46
H=88,spo=46
H=88,spo=46
H=88,spo=46
H=88,spo=46
H=88,spo=46
H=88,spo=46
H=88,spo=46
H=88,spo=46
H=88,spo=46
H=88,spo=46
H=88,spo=46
H=83,spo=68
H=83,spo=68
H=83,spo=68
H=83,spo=68
H=83,spo=68
H=83,spo=68
H=83,spo=68
H=83,spo=68
H=83,spo=68
H=83,spo=68
H=83,spo=68
H=83,spo=68
H=83,spo=68
H=83,spo=68
H=83,spo=68
H=83,spo=68
H=83,spo=68
H=83,spo=68
H=83,spo=68
H=83,spo=68
H=83,spo=68
H=83,spo=68
H=83,spo=68
H=83,spo=68
H=83,spo=68
H=53,spo=66
H=53,spo=66
H=53,spo=66
H=53,spo=66
H=53,spo=66
H=53,spo=66
H=53,spo=66
H=53,spo=66
H=53,spo=66
H=53,spo=66
H=53,spo=66
H=53,spo=66
H=53,spo=66
H=53,spo=66
H=53,spo=66
H=53,spo=66
H=53,spo=66
H=53,spo=66
H=53,spo=66
H=53,spo=66
H=53,spo=66
H=53,spo=66
H=53,spo=66
H=53,spo=66
H=53,spo=66
H=83,spo=-999
H=83,spo=-999
H=83,spo=-999
H=83,spo=-999
H=83,spo=-999
H=83,spo=-999
H=83,spo=-999
H=83,spo=-999
H=83,spo=-999
H=83,spo=-999
H=83,spo=-999
H=83,spo=-999
H=83,spo=-999
H=83,spo=-999
H=83,spo=-999
H=83,spo=-999
H=83,spo=-999
H=83,spo=-999
H=83,spo=-999
H=83,spo=-999
H=83,spo=-999
H=83,spo=-999
H=83,spo=-999
H=83,spo=-999
H=83,spo=-999
H=187,spo=66
H=187,spo=66
H=187,spo=66
H=187,spo=66
H=187,spo=66
H=187,spo=66
H=187,spo=66
H=187,spo=66
H=187,spo=66
H=187,spo=66
H=187,spo=66
H=187,spo=66
H=187,spo=66
H=187,spo=66
H=187,spo=66
H=187,spo=66
H=187,spo=66
H=187,spo=66
H=187,spo=66
H=187,spo=66
H=187,spo=66
H=187,spo=66
H=187,spo=66
H=187,spo=66
H=187,spo=66
H=125,spo=55
H=125,spo=55
H=125,spo=55
H=125,spo=55
H=125,spo=55
H=125,spo=55
H=125,spo=55
H=125,spo=55
H=125,spo=55
H=125,spo=55
H=125,spo=55
H=125,spo=55
H=125,spo=55
H=125,spo=55
H=125,spo=55
H=125,spo=55
H=125,spo=55
H=125,spo=55
H=125,spo=55
H=125,spo=55
H=125,spo=55
H=125,spo=55
H=125,spo=55
H=125,spo=55
H=125,spo=55
H=125,spo=55
H=125,spo=55
H=125,spo=55
H=125,spo=55
H=125,spo=55
H=125,spo=55
H=125,spo=55
H=125,spo=55
H=125,spo=55
H=125,spo=55
H=125,spo=55
H=125,spo=55
H=125,spo=55
H=125,spo=55
H=125,spo=55
H=125,spo=55
H=125,spo=55
H=125,spo=55
H=125,spo=55
H=125,spo=55
H=125,spo=55
H=125,spo=55
H=125,spo=55
125,spo=55
H=125,spo=55
H=150,spo=46
H=150,spo=46
H=150,spo=46
H=150,spo=46
H=150,spo=46
H=150,spo=46
H=150,spo=46
H=150,spo=46
H=150,spo=46
H=150,spo=46
H=150,spo=46
H=150,spo=46
H=150,spo=46
H=150,spo=46
H=150,spo=46
H=150,spo=46
H=150,spo=46
H=150,spo=46
H=150,spo=46
H=150,spo=46
H=150,spo=46
H=150,spo=46
H=150,spo=46
H=150,spo=46
H=150,spo=46
H=55,spo=1
H=55,spo=1
H=55,spo=1
H=55,spo=1
H=55,spo=1
H=55,spo=1
H=55,spo=1
H=55,spo=1
H=55,spo=1
H=55,spo=1
H=55,spo=1
H=55,spo=1
H=55,spo=1
H=55,spo=1
H=55,spo=1
H=55,spo=1
H=55,spo=1
H=55,spo=1
H=55,spo=1
H=55,spo=1
H=55,spo=1
H=55,spo=1
H=55,spo=1
H=55,spo=1
H=55,spo=1
H=65,spo=-999
H=65,spo=-999
H=65,spo=-999
H=65,spo=-999
H=65,spo=-999
H=65,spo=-999
H=65,spo=-999
H=65,spo=-999
H=65,spo=-999
H=65,spo=-999
H=65,spo=-999
H=65,spo=-999
H=65,spo=-999
H=65,spo=-999
H=65,spo=-999
H=65,spo=-999
H=65,spo=-999
H=65,spo=-999
H=65,spo=-999
H=65,spo=-999
H=65,spo=-999
H=65,spo=-999
H=65,spo=-999
H=65,spo=-999
H=65,spo=-999
H=107,spo=-999
H=107,spo=-999
H=107,spo=-999
H=107,spo=-999
H=107,spo=-999
H=107,spo=-999
H=107,spo=-999
H=107,spo=-999
H=107,spo=-999
H=107,spo=-999
H=107,spo=-999
H=107,spo=-999
H=107,spo=-999
H=107,spo=-999
H=107,spo=-999
H=107,spo=-999
H=107,spo=-999
H=107,spo=-999
H=107,spo=-999
H=107,spo=-999
H=107,spo=-999
H=107,spo=-999
H=107,spo=-999
H=107,spo=-999
H=107,spo=-999
H=107,spo=-999
H=107,spo=-999
H=107,spo=-999
H=107,spo=-999
H=107,spo=-999
H=107,spo=-999
H=107,spo=-999
H=107,spo=-999
H=107,spo=-999
H=107,spo=-999
H=107,spo=-999
H=107,spo=-999
H=107,spo=-999
H=107,spo=-999
H=107,spo=-999
H=107,spo=-999
H=107,spo=-999
H=107,spo=-999
H=107,spo=-999
H=107,spo=-999
H=107,spo=-999
H=107,spo=-999
H=107,spo=-999
H=107,spo=-999
H=107,spo=-999
H=187,spo=-999
H=187,spo=-999
H=187,spo=-999
H=187,spo=-999
H=187,spo=-999
H=187,spo=-999
H=187,spo=-999
H=187,spo=-999
H=187,spo=-999
H=187,spo=-999
H=187,spo=-999
H=187,spo=-999
H=187,spo=-999
H=187,spo=-999H=187,spo=-999
H=187,spo=-999
H=187,spo=-999
H=187,spo=-999
H=187,spo=-999
H=187,spo=-999
H=187,spo=-999
H=187,spo=-999
H=187,spo=-999
H=187,spo=-999
H=187,spo=-999
H=187,spo=10
H=187,spo=10
H=187,spo=10
H=187,spo=10
H=187,spo=10
H=187,spo=10
H=187,spo=10
H=187,spo=10
H=187,spo=10
H=187,spo=10
H=187,spo=10
H=187,spo=10
H=187,spo=10
H=187,spo=10
H=187,spo=10
H=187,spo=10
H=187,spo=10
H=187,spo=10
H=187,spo=10
H=187,spo=10
H=187,spo=10
H=187,spo=10
H=187,spo=10
H=187,spo=10
H=187,spo=10
H=166,spo=10
H=166,spo=10
H=166,spo=10
H=166,spo=10
H=166,spo=10
H=166,spo=10
H=166,spo=10
H=166,spo=10
H=166,spo=10
H=166,spo=10
H=166,spo=10
H=166,spo=10
H=166,spo=10
H=166,spo=10
H=166,spo=10
H=166,spo=10
H=166,spo=10
H=166,spo=10
H=166,spo=10
H=166,spo=10
H=166,spo=10
H=166,spo=10
H=166,spo=10
H=166,spo=10
H=166,spo=10
H=136,spo=34
H=136,spo=34
H=136,spo=34
H=136,spo=34
H=136,spo=34
H=136,spo=34
H=136,spo=34
H=136,spo=34
H=136,spo=34
H=136,spo=34
H=136,spo=34
H=136,spo=34
H=136,spo=34
H=136,spo=34
H=136,spo=34
H=136,spo=34
H=136,spo=34
H=136,spo=34
H=136,spo=34
H=136,spo=34
H=136,spo=34
H=136,spo=34
H=136,spo=34
H=136,spo=34
H=136,spo=34
H=150,spo=34
H=150,spo=34
H=150,spo=34
H=150,spo=34
H=150,spo=34
H=150,spo=34
H=150,spo=34
H=150,spo=34
H=150,spo=34
H=150,spo=34
H=150,spo=34
H=150,spo=34
H=150,spo=34
H=150,spo=34
H=150,spo=34
H=150,spo=34
H=150,spo=34
H=150,spo=34
H=150,spo=34
H=150,spo=34
H=150,spo=34
H=150,spo=34
H=150,spo=34
H=150,spo=34
H=150,spo=34
H=214,spo=36
H=214,spo=36
H=214,spo=36
H=214,spo=36
H=214,spo=36
H=214,spo=36
H=214,spo=36
H=214,spo=36
H=214,spo=36
H=214,spo=36
H=214,spo=36
H=214,spo=36
H=214,spo=36
H=214,spo=36
H=214,spo=36
H=214,spo=36
H=214,spo=36
H=214,spo=36
H=214,spo=36
H=214,spo=36
H=214,spo=36
H=214,spo=36
H=214,spo=36
H=214,spo=36
H=214,spo=36
H=166,spo=29
H=166,spo=29
H=166,spo=29
H=166,spo=29
H=166,spo=29
H=166,spo=29
H=166,spo=29
H=166,spo=29
H=166,spo=29
H=166,spo=29
H=166,spo=29
H=166,spo=29
H=166,spo=29
H=166,spo=29
H=166,spo=29
H=166,spo=29
H=166,spo=29
H=166,spo=29
H=166,spo=29
H=166,spo=29
H=166,spo=29
H=166,spo=29
H=166,spo=29
H=166,spo=29
H=166,spo=29
H=214,spo=66
H=214,spo=66
H=214,spo=66
H=214,spo=66
H=214,spo=66
H=214,spo=66
H=214,spo=66
H=214,spo=66
H=214,spo=66
H=214,spo=66
H=214,spo=66
H=214,spo=66
H=214,spo=66
H=214,spo=66
H=214,spo=66
H=214,spo=66
H=214,spo=66
H=214,spo=66
H=214,spo=66
H=214,spo=66
H=214,spo=66
H=214,spo=66
H=214,spo=66
H=214,spo=66
H=214,spo=66
H=100,spo=66
H=100,spo=66
H=100,spo=66
H=100,spo=66
H=100,spo=66
H=100,spo=66
H=100,spo=66
H=100,spo=66
H=100,spo=66
H=100,spo=66
H=100,spo=66
H=100,spo=66
H=100,spo=66
H=100,spo=66
H=100,spo=66
H=100,spo=66
H=100,spo=66
H=100,spo=66
H=100,spo=66
H=100,spo=66
H=100,spo=66
H=100,spo=66
H=100,spo=66
H=100,spo=66
H=100,spo=66
H=166,spo=-999
H=166,spo=-999
H=166,spo=-999
H=166,spo=-999
H=166,spo=-999
H=166,spo=-999
H=166,spo=-999
H=166,spo=-999
H=166,spo=-999
H=166,spo=-999
H=166,spo=-999
H=166,spo=-999
H=166,spo=-999
H=166,spo=-999
H=166,spo=-999
H=166,spo=-999
H=166,spo=-999
H=166,spo=-999
H=166,spo=-999
H=166,spo=-999
H=166,spo=-999
H=166,spo=-999
H=166,spo=-999
H=166,spo=-999
H=166,spo=-999
H=125,spo=2
H=125,spo=2
H=125,spo=2
H=125,spo=2
H=125,spo=2
H=125,spo=2
H=125,spo=2
H=125,spo=2
H=125,spo=2
H=125,spo=2
H=125,spo=2
H=125,spo=2
H=125,spo=2
H=125,spo=2
H=125,spo=2
H=125,spo=2
H=125,spo=2
H=125,spo=2
H=125,spo=2
H=125,spo=2
H=125,spo=2
H=125,spo=2
H=125,spo=2
H=125,spo=2
H=125,spo=2
H=75,spo=-999
H=75,spo=-999
H=75,spo=-999
H=75,spo=-999
H=75,spo=-999
H=75,spo=-999
H=75,spo=-999
H=75,spo=-999
H=75,spo=-999
H=75,spo=-999
H=75,spo=-999
H=75,spo=-999
H=75,spo=-999
H=75,spo=-999
H=75,spo=-999
H=75,spo=-999
H=75,spo=-999
H=75,spo=-999
H=75,spo=-999
H=75,spo=-999
H=75,spo=-999
H=75,spo=-999
H=75,spo=-999
H=75,spo=-999
H=75,spo=-999
H=68,spo=-999
H=68,spo=-999
H=68,spo=-999
H=68,spo=-999
H=68,spo=-999
H=68,spo=-999
H=68,spo=-999
H=68,spo=-999
H=68,spo=-999
H=68,spo=-999
H=68,spo=-999
H=68,spo=-999
H=68,spo=-999
H=68,spo=-999
H=68,spo=-999
H=68,spo=-999
H=68,spo=-999
H=68,spo=-999
H=68,spo=-999
H=68,spo=-999
H=68,spo=-999
H=68,spo=-999
H=68,spo=-999
H=68,spo=-999
H=68,spo=-999
H=60,spo=14
H=60,spo=14
H=60,spo=14
H=60,spo=14
H=60,spo=14
H=60,spo=14
H=60,spo=14
H=60,spo=14
H=60,spo=14
H=60,spo=14
H=60,spo=14
H=60,spo=14
H=60,spo=14
H=60,spo=14
H=60,spo=14
H=60,spo=14
H=60,spo=14
H=60,spo=14
H=60,spo=14
H=60,spo=14
H=60,spo=14
H=60,spo=14
H=60,spo=14
H=60,spo=14
H=60,spo=14
H=83,spo=68
H=83,spo=68
H=83,spo=68
H=83,spo=68
H=83,spo=68
H=83,spo=68
H=83,spo=68
H=83,spo=68
H=83,spo=68
H=83,spo=68
H=83,spo=68
H=83,spo=68
H=83,spo=68
H=83,spo=68
H=8po=68
H=83,spo=68
H=83,spo=68
H=83,spo=68
H=83,spo=68
H=83,spo=68
H=83,spo=68
H=83,spo=68
H=83,spo=68
H=83,spo=68
H=83,spo=68
H=83,spo=68
H=83,spo=68
H=83,spo=68
H=83,spo=68
H=83,spo=68
H=83,spo=68
H=83,spo=68
H=83,spo=68
H=83,spo=68
H=83,spo=68
H=83,spo=68
H=83,spo=68
H=83,spo=68
H=83,spo=68
H=83,spo=68
H=83,spo=68
H=83,spo=68
H=83,spo=68
H=83,spo=68
H=83,spo=68
H=83,spo=68
H=83,spo=68
H=83,spo=68
H=83,spo=68
H=83,spo=68
H=83,spo=68
H=83,spo=68
H=83,spo=68
H=83,spo=68
H=83,spo=68
H=83,spo=68
H=83,spo=68
H=83,spo=68
H=83,spo=68
H=83,spo=68
H=83,spo=68
H=83,spo=68
H=83,spo=68
H=83,spo=68
H=83,spo=68
H=83,spo=68
H=83,spo=68
H=83,spo=68
H=83,spo=68
H=83,spo=68
H=83,spo=68
H=83,spo=68
H=83,spo=68
H=83,spo=68
H=83,spo=68
H=34,spo=22
H=34,spo=22
H=34,spo=22
H=34,spo=22
H=34,spo=22
H=34,spo=22
H=34,spo=22
H=34,spo=22
H=34,spo=22
H=34,spo=22
H=34,spo=22
H=34,spo=22
H=34,spo=22
H=34,spo=22
H=34,spo=22
H=34,spo=22
H=34,spo=22
H=34,spo=22
H=34,spo=22
H=34,spo=22
H=34,spo=22
H=34,spo=22
H=34,spo=22
H=34,spo=22
H=34,spo=22
H=107,spo=-999
H=107,spo=-999
H=107,spo=-999
H=107,spo=-999
H=107,spo=-999
H=107,spo=-999
H=107,spo=-999
H=107,spo=-999
H=107,spo=-999
H=107,spo=-999
H=107,spo=-999
H=107,spo=-999
H=107,spo=-999
H=107,spo=-999
H=107,spo=-999
H=107,spo=-999
H=107,spo=-999
H=107,spo=-999
H=107,spo=-999
H=107,spo=-999
H=107,spo=-999
H=107,spo=-999
H=107,spo=-999
H=107,spo=-999
H=107,spo=-999
H=83,spo=-999
H=83,spo=-999
H=83,spo=-999
H=83,spo=-999
H=83,spo=-999
H=83,spo=-999
H=83,spo=-999
H=83,spo=-999
H=83,spo=-999
H=83,spo=-999
H=83,spo=-999
H=83,spo=-999
H=83,spo=-999
H=83,spo=-999
H=83,spo=-999
H=83,spo=-999
H=83,spo=-999
H=83,spo=-999
H=83,spo=-999
H=83,spo=-999
H=83,spo=-999
H=83,spo=-999
H=83,spo=-999
H=83,spo=-999
H=83,spo=-999
H=75,spo=0
H=75,spo=0
H=75,spo=0
H=75,spo=0
H=75,spo=0
H=75,spo=0
H=75,spo=0
H=75,spo=0
H=75,spo=0
H=75,spo=0
H=75,spo=0
H=75,spo=0
H=75,spo=0
H=75,spo=0
H=75,spo=0
H=75,spo=0
H=75,spo=0
H=75,spo=0
H=75,spo=0
H=75,spo=0
H=75,spo=0
H=75,spo=0
H=75,spo=0
H=75,spo=0
H=75,spo=0
H=68,spo=-999
H=68,spo=-999
H=68,spo=-999
H=68,spo=-999
H=68,spo=-999
H=68,spo=-999
H=68,spo=-999
H=68,spo=-999
H=68,spo=-999
H=68,spo=-999
H=68,spo=-999
H=68,spo=-999
H=68,spo=-999
H=68,spo=-999
H=68,spo=-999
H=68,spo=-999
H=68,spo=-999
H=68,spo=-999
H=68,spo=-999
H=68,spo=-999
H=68,spo=-999
H=68,spo=-999
H=68,spo=-999
H=68,spo=-999
H=68,spo=-999
H=75,spo=-999
H=75,spo=-999
H=75,spo=-999
H=75,spo=-999
H=75,spo=-999
H=75,spo=-999
H=75,spo=-999
H=75,spo=-999
H=75,spo=-999
H=75,spo=-999
H=75,spo=-999
H=75,spo=-999
H=75,spo=-999
H=75,spo=-999
H=75,spo=-999
H=75,spo=-999
H=75,spo=-999
H=75,spo=-999
H=75,spo=-999
H=75,spo=-999
H=75,spo=-999
H=75,spo=-999
H=75,spo=-999
H=75,spo=-999
H=75,spo=-999
H=115,spo=-999
H=115,spo=-999
H=115,spo=-999
H=115,spo=-999
H=115,spo=-999
H=115,spo=-999
H=115,spo=-999
H=115,spo=-999
H=115,spo=-999
H=115,spo=-999
H=115,spo=-999
H=115,spo=-999
H=115,spo=-999
H=115,spo=-999
H=115,spo=-999
H=115,spo=-999
H=115,spo=-999
H=115,spo=-999
H=115,spo=-999
H=115,spo=-999
H=115,spo=-999
H=115,spo=-999
H=115,spo=-999
H=115,spo=-999
H=115,spo=-999
H=115,spo=-999
H=115,spo=-999
H=115,spo=-999
H=115,spo=-999
H=115,spo=-999
H=115,spo=-999
H=115,spo=-999
H=115,spo=-999
H=115,spo=-999
H=115,spo=-999
H=115,spo=-999
H=115,spo=-999
H=115,spo=-999
H=115,spo=-999
H=115,spo=-999
H=115,spo=-999
H=115,spo=-999
H=115,spo=-999
H=115,spo=-999
H=115,spo=-999
H=115,spo=-999
H=115,spo=-999
H=115,spo=-999
H=115,spo=-999
H=115,spo=-999
H=20,spo=39
H=20,spo=39
H=20,spo=39
H=20,spo=39
H=20,spo=39
H=20,spo=39
H=20,spo=39
H=20,spo=39
H=20,spo=39
H=20,spo=39
H=20,spo=39
H=20,spo=39
H=20,spo=39
H=20,spo=39
H=20,spo=39
H=20,spo=39
H=20,spo=39
H=20,spo=39
H=20,spo=39
H=20,spo=39
H=20,s=39
H=20,spo=39
H=20,spo=39
H=20,spo=39
H=20,spo=39
H=166,spo=53
H=166,spo=53
H=166,spo=53
H=166,spo=53
H=166,spo=53
H=166,spo=53
H=166,spo=53
H=166,spo=53
H=166,spo=53
H=166,spo=53
H=166,spo=53
H=166,spo=53
H=166,spo=53
H=166,spo=53
H=166,spo=53
H=166,spo=53
H=166,spo=53
H=166,spo=53
H=166,spo=53
H=166,spo=53
H=166,spo=53
H=166,spo=53
H=166,spo=53
H=166,spo=53
H=166,spo=53
H=136,spo=-999
H=136,spo=-999
H=136,spo=-999
H=136,spo=-999
H=136,spo=-999
H=136,spo=-999
H=136,spo=-999
H=136,spo=-999
H=136,spo=-999
H=136,spo=-999
H=136,spo=-999
H=136,spo=-999
H=136,spo=-999
H=136,spo=-999
H=136,spo=-999
H=136,spo=-999
H=136,spo=-999
H=136,spo=-999
H=136,spo=-999
H=136,spo=-999
H=136,spo=-999
H=136,spo=-999
H=136,spo=-999
H=136,spo=-999
H=136,spo=-999
H=136,spo=-999
H=136,spo=-999
H=136,spo=-999
H=136,spo=-999
H=136,spo=-999
H=136,spo=-999
H=136,spo=-999
H=136,spo=-999
H=136,spo=-999
H=136,spo=-999
H=136,spo=-999
H=136,spo=-999
H=136,spo=-999
H=136,spo=-999
H=136,spo=-999
H=136,sp=-999
H=136,spo=-999
H=136,spo=-999
H=136,spo=-999
H=136,spo=-999
H=136,spo=-999
H=136,spo=-999
H=136,spo=-999
H=136,spo=-999
H=136,spo=-999
H=166,spo=-999
H=166,spo=-999
H=166,spo=-999
H=166,spo=-999
H=166,spo=-999
H=166,spo=-999
H=166,spo=-999
H=166,spo=-999
H=166,spo=-999
H=166,spo=-999
H=166,spo=-999
H=166,spo=-999
H=166,spo=-999
H=166,spo=-999
H=166,spo=-999
H=166,spo=-999
H=166,spo=-999
H=166,spo=-999
H=166,spo=-999
H=166,spo=-999
H=166,spo=-999
H=166,spo=-999
H=166,spo=-999
H=166,spo=-999
H=166,spo=-999
H=150,spo=35
H=150,spo=35
H=150,spo=35
H=150,spo=35
H=150,spo=35
H=150,spo=35
H=150,spo=35
H=150,spo=35
H=150,spo=35
H=150,spo=35
H=150,spo=35
H=150,spo=35
H=150,spo=35
H=150,spo=35
H=150,spo=35
H=150,spo=35
H=150,spo=35
H=150,spo=35
H=150,spo=35
H=150,spo=35
H=150,spo=35
H=150,spo=35
H=150,spo=35
H=150,spo=35
H=150,spo=35
H=150,spo=35
H=150,spo=35
H=150,spo=35
H=150,spo=35
H=150,spo=35
H=150,spo=35
H=150,spo=35
H=150,spo=35
H=150,spo=35
H=150,spo=35
H=150,spo=35
H=150,spo=35
H=150,spo=35
H=150,spo=35
H=150,spo=35
H=150,spo=35
H=150,spo=35
H=150,spo=35
H=150,spo=35
H=150,spo=35
H=150,spo=35
H=150,spo=35
H=150,spo=35
H=150,spo=35
H=150,spo=35
H=75,spo=26
H=75,spo=26
H=75,spo=26
H=75,spo=26
H=75,spo=26
H=75,spo=26
H=75,spo=26
H=75,spo=26
H=75,spo=26
H=75,spo=26
H=75,spo=26
H=75,spo=26
H=75,spo=26
H=75,spo=26
H=75,spo=26
H=75,spo=26
H=75,spo=26
H=75,spo=26
H=75,spo=26
H=75,spo=26
H=75,spo=26
H=75,spo=26
H=75,spo=26
H=75,spo=26
H=75,spo=26
H=125,spo=-999
H=125,spo=-999
H=125,spo=-999
H=125,spo=-999
H=125,spo=-999
H=125,spo=-999
H=125,spo=-999
H=125,spo=-999
H=125,spo=-999
H=125,spo=-999
H=125,spo=-999
H=125,spo=-999
H=125,spo=-999
H=125,spo=-999
H=125,spo=-999
H=125,spo=-999
H=125,spo=-999
H=125,spo=-999
H=125,spo=-999
H=125,spo=-999
H=125,spo=-999
H=125,spo=-999
H=125,spo=-999
H=125,spo=-999
H=125,spo=-999
H=166,spo=72
H=166,spo=72
H=166,spo=72
H=166,spo=72
H=166,spo=72
H=166,spo=72
H=166,spo=72
H=166,spo=72
H=166,spo=72
H=166,spo=72
H=166,spo=72
H=166,spo=72
H=166,spo=72
H=166,spo=72
H=166,spo=72
H=166,spo=72
H=166,spo=72
H=166,spo=72
H=166,spo=72
H=166,spo=72
H=166,spo=72
H=166,spo=72
H=166,spo=72
H=166,spo=72
H=166,spo=72
H=166,spo=72
H=166,spo=72
H=166,spo=72
H=166,spo=72
H=166,spo=72
H=166,spo=72
H=166,spo=72
H=166,spo=72
H=166,spo=72
H=166,spo=72
H=166,spo=72
H=166,spo=72
H=166,spo=72
H=166,spo=72
H=166,spo=72
H=166,spo=72
H=166,spo=72
H=166,spo=72
H=166,spo=72
H=166,spo=72
H=166,spo=72
H=166,spo=72
H=166,spo=72
H=166,spo=72
H=166,spo=72
H=57,spo=35
H=57,spo=35
H=57,spo=35
H=57,spo=35
H=57,spo=35
H=57,spo=35
H=57,spo=35
H=57,spo=35
H=57,spo=35
H=57,spo=35
H=57,spo=35
H=57,spo=35
H=57,spo=35
H=57,spo=35
H=57,spo=35
H=57,spo=35
H=57,spo=35
H=57,spo=35
H=57,spo=35
H=57,spo=35
H=57,spo=35
H=57,spo=35
H=57,spo=35
H=57,spo=35
H=57,spo=35
H=107,spo=-999
H=107,spo=-999
H=107,spo=-999
H=107,spo=-999
H=107,spo=-999
H=107,spo=-999
H=107,spo=-999
H=107,spo=-999
H=107,spo=-999
H=107,spo=-999
H=107,spo=-999
H=107,spo=-999
H=107,spo=-999
H=107,spo=-999
H=107,spo=-999
H=107,spo=-999
H=107,spo=-999
H=107,spo=-999
H=107,spo=-999
H=107,spo=-999
H=107,spo=-999
H=107,spo=-999
H=107,spo=-999
H=107,spo=-999
H=107,spo=-999
H=71,spo=-999
H=71,spo=-999
H=71,spo=-999
H=71,spo=-999
H=71,spo=-999
H=71,spo=-999
H=71,spo=-999
H=71,spo=-999
H=71,spo=-999
H=71,spo=-999
H=71,spo=-999
H=71,spo=-999
H=71,spo=-999
H=71,spo=-999
H=71,spo=-999
H=71,spo=-999
H=71,spo=-999
H=71,spo=-999
H=71,spo=-999
H=71,spo=-999
H=71,spo=-999
H=71,spo=-999
H=71,spo=-999
H=71,spo=-999
H=71,spo=-999
H=187,spo=14
H=187,spo=14
H=187,spo=14
H=187,spo=14
H=187,spo=14
H=187,spo=14
H=187,spo=14
H=187,spo=14
H=187,spo=14
H=187,spo=14
H=187,spo=14
H=187,spo=14
H=187,spo=14
H=187,spo=14
H=187,spo=14
H=187,spo=14
H=187,spo=14
H=187,spo=14
H=187,spo=14
H=187,spo=14
H=187,spo=14
H=187,spo=14
H=187,spo=14
H=187,spo=14
H=187,spo=14
H=136,spo=16
H=136,spo=16
H=136,spo=16
H=136,spo=16
H=136,spo=16
H=136,spo=16
H=136,spo=16
H=136,spo=16
H=136,spo=16
H=136,spo=16
H=136,spo=16
H=136,spo=16
H=136,spo=16
H=136,spo=16
H=136,spo=16
H=136,spo=16
H=136,spo=16
H=136,spo=16
H=136,spo=16
H=136,spo=16
H=136,spo=16
H=136,spo=16
H=136,spo=16
H=136,spo=16
H=136,spo=16
H=150,spo=23
H=150,spo=23
H=150,spo=23
H=150,spo=23
H=150,spo=23
H=150,spo=23
H=150,spo=23
H=150,spo=23
H=150,spo=23
H=150,spo=23
H=150,spo=23
H=150,spo=23
H=150,spo=23
H=150,spo=23
H=150,spo=23
H=150,spo=23
H=150,spo=23
H=150,spo=23
H=150,spo=23
H=150,spo=23
H=150,spo=23
H=150,spo=23
H=150,spo=23
H=150,spo=23
H=150,spo=23
H=136,spo=23
H=136,spo=23
H=136,spo=23
H=136,spo=23
H=136,spo=23
H=136,spo=23
H=136,spo=23
H=136,spo=23
H=136,spo=23
H=136,spo=23
H=136,spo=23
H=136,spo=23
H=136,spo=23
H=136,spo=23
H=136,spo=23
H=136,spo=23
H=136,spo=23
H=136,spo=23
H=136,spo=23
H=136,spo=23
H=136,spo=23
H=136,spo=23
H=136,spo=23
H=136,spo=23
H=136,spo=23
H=71,spo=1
H=71,spo=1
H=71,spo=1
H=71,spo=1
H=71,spo=1
H=71,spo=1
H=71,spo=1
H=71,spo=1
H=71,spo=1
H=71,spo=1
H=71,spo=1
H=71,spo=1
H=71,spo=1
H=71,spo=1
H=71,spo=1
H=71,spo=1
H=71,spo=1
H=71,spo=1
H=71,spo=1
H=71,spo=1
H=71,spo=1
H=71,spo=1
H=71,spo=1
H=71,spo=1
H=71,spo=1
H=125,spo=-999
H=125,spo=-999
H=125,spo=-999
H=125,spo=-999
H=125,spo=-999
H=125,spo=-999
H=125,spo=-999
H=125,spo=-999
H=125,spo=-999
H=125,spo=-999
H=125,spo=-999
H=125,spo=-999
H=125,spo=-999
H=125,spo=-999
H=125,spo=-999
H=125,spo=-999
H=125,spo=-999
H=125,spo=-999
H=125,spo=-999
H=125,spo=-999
H=125,spo=-999
H=125,spo=-999
H=125,spo=-999
H=125,spo=-999
H=125,spo=-999
H=-999,spo=-999
H=-999,spo=-999
H=-999,spo=-999
H=-999,spo=-999
H=-999,spo=-999
H=-999,spo=-999
H=-999,spo=-999
H=-999,spo=-999
H=-999,spo=-999
H=-999,spo=-999
H=-999,spo=-999
H=-999,spo=-999
H=-999,spo=-999
H=-999,spo=-999
H=-999,spo=-999
H=-999,spo=-999
H=-999,spo=-999
H=-999,spo=-999
H=-999,spo=-999
H=-999,spo=-999
H=-999,spo=-999
H=-999,spo=-999
H=-999,spo=-999
H=-999,spo=-999
H=-999,spo=-999
H=19,spo=50
H=19,spo=50
H=19,spo=50
H=19,spo=50
H=19,spo=50
H=19,spo=50
H=19,spo=50
H=19,spo=50
H=19,spo=50
H=19,spo=50
H=19,spo=50
H=19,spo=50
H=19,spo=50
H=19,spo=50
H=19,spo=50
H=19,spo=50
H=19,spo=50
H=19,spo=50
H=19,spo=50
H=19,spo=50
H=19,spo=50
H=19,spo=50
H=19,spo=50
H=19,spo=50
H=19,spo=50
H=136,spo=14
H=136,spo=14
H=136,spo=14
H=136,spo=14
H=136,spo=14
H=136,spo=14
H=136,spo=14
H=136,spo=14
H=136,spo=14
H=136,spo=14
H=136,spo=14
H=136,spo=14
H=136,spo=14
H=136,spo=14
H=136,spo=14
H=136,spo=14
H=136,spo=14
H=136,spo=14
H=136,spo=14
H=136,spo=14
H=136,spo=14
H=136,spo=14
H=136,spo=14
H=136,spo=14
H=136,spo=14
H=136,spo=96
H=136,spo=96
H=136,spo=96
H=136,spo=96
H=136,spo=96
H=136,spo=96
H=136,spo=96
H=136,spo=96
H=136,spo=96
H=136,spo=96
H=136,spo=96
H=136,spo=96
H=136,spo=96
H=136,spo=96
H=136,spo=96
H=136,spo=96
H=136,spo=96
H=136,spo=96
H=136,spo=96
H=136,spo=96
H=136,spo=96
H=136,spo=96
H=136,spo=96
H=136,spo=96
H=136,spo=96
H=115,spo=98
H=115,spo=98
H=115,spo=98
H=115,spo=98
H=115,spo=98
H=115,spo=98
H=115,spo=98
H=115,spo=98
H=115,spo=98
H=115,spo=98
H=115,spo=98
H=115,spo=98
H=115,spo=98
H=115,spo=98
H=115,spo=98
H=115,spo=98
H=11spo=98
H=115,spo=98
H=115,spo=98
H=115,spo=98
H=115,spo=98
H=115,spo=98
H=115,spo=98
H=115,spo=98
H=115,spo=98
H=107,spo=74
H=107,spo=74
H=107,spo=74
H=107,spo=74
H=107,spo=74
H=107,spo=74
H=107,spo=74
H=107,spo=74
H=107,spo=74
H=107,spo=74
H=107,spo=74
H=107,spo=74
H=107,spo=74
H=107,spo=74
H=107,spo=74
H=107,spo=74
H=107,spo=74
H=107,spo=74
H=107,spo=74
H=107,spo=74
H=107,spo=74
H=107,spo=74
H=107,spo=74
H=107,spo=74
H=107,spo=74
H=115,spo=93
H=115,spo=93
H=115,spo=93
H=115,spo=93
H=115,spo=93
H=115,spo=93
H=115,spo=93
H=115,spo=93
H=115,spo=93
H=115,spo=93
H=115,spo=93
H=115,spo=93
H=115,spo=93
H=115,spo=93
H=115,spo=93
H=115,spo=93
H=115,spo=93
H=115,spo=93
H=115,spo=93
H=115,spo=93
H=115,spo=93
H=115,spo=93
H=115,spo=93
H=115,spo=93
H=115,spo=93
H=107,spo=99
H=107,spo=99
H=107,spo=99
H=107,spo=99
H=107,spo=99
H=107,spo=99
H=107,spo=99
H=107,spo=99
H=107,spo=99
H=107,spo=99
H=107,spo=99
H=107,spo=99
H=107,spo=99
H=107,spo=99
H=107,spo=99
H=107,spo=99
H=107,spo=99
H=107,spo=99
H=107,spo=99
H=107,spo=99
H=107,spo=99
H=107,spo=99
H=107,spo=99
H=107,spo=99
H=107,spo=99
H=107,spo=99
H=107,spo=99
H=107,spo=99
H=107,spo=99
H=107,spo=99
H=107,spo=99
H=107,spo=99
H=107,spo=99
H=107,spo=99
H=107,spo=99
H=107,spo=99
H=107,spo=99
H=107,spo=99
H=107,spo=99
H=107,spo=99
H=107,spo=99
H=107,spo=99
H=107,spo=99
H=107,spo=99
H=107,spo=99
H=107,spo=99
H=107,spo=99
H=107,spo=99
H=107,spo=99
H=107,spo=99
H=93,spo=97
H=93,spo=97
H=93,spo=97
H=93,spo=97
H=93,spo=97
H=93,spo=97
H=93,spo=97
H=93,spo=97
H=93,spo=97
H=93,spo=97
H=93,spo=97
H=93,spo=97
H=93,spo=97
H=93,spo=97
H=93,spo=97
H=93,spo=97
H=93,spo=97
H=93,spo=97
H=93,spo=97
H=93,spo=97
H=93,spo=97
H=93,spo=97
H=93,spo=97
H=93,spo=97
H=93,spo=97
H=93,spo=3
H=93,spo=3
H=93,spo=3
H=93,spo=3
H=93,spo=3
H=93,spo=3
H=93,spo=3
H=93,spo=3
H=93,spo=3
H=93,spo=3
H=93,spo=3
H=93,spo=3
H=93,spo=3
H=93,spo=3
H=93,spo=3
H=93,spo=3
H=93,spo=3
H=93,spo=3
H=93,spo=3
H=93,spo=3
H=93,spo=3
H=93,spo=3
H=93,spo=3
H=93,spo=3
H=93,spo=3
H=83,spo=3
H=83,spo=3
H=83,spo=3
H=83,spo=3
H=83,spo=3
H=83,spo=3
H=83,spo=3
H=83,spo=3
H=83,spo=3
H=83,spo=3
H=83,spo=3
H=83,spo=3
H=83,spo=3
H=83,spo=3
H=83,spo=3
H=83,spo=3
H=83,spo=3
H=83,spo=3
H=83,spo=3
H=83,spo=3
H=83,spo=3
H=83,spo=3
H=83,spo=3
H=83,spo=3
H=83,spo=3
H=107,spo=-999
H=107,spo=-999
H=107,spo=-999
H=107,spo=-999
H=107,spo=-999
H=107,spo=-999
H=107,spo=-999
H=107,spo=-999
H=107,spo=-999
H=107,spo=-999
H=107,spo=-999
H=107,spo=-999
H=107,spo=-999
H=107,spo=-999
H=107,spo=-999
H=107,spo=-999
H=107,spo=-999
H=107,spo=-999
H=107,spo=-999
H=107,spo=-999
H=107,spo=-999
H=107,spo=-999
H=107,spo=-999
H=107,spo=-999
H=107,spo=-999
H=93,spo=-999
H=93,spo=-999
H=93,spo=-999
H=93,spo=-999
H=93,spo=-999
H=93,spo=-999
H=93,spo=-999
H=93,spo=-999
H=93,spo=-999
H=93,spo=-999
H=93,spo=-999
H=93,spo=-999
H=93,spo=-999
H=93,spo=-999
H=93,spo=-999
H=93,spo=-999
H=93,spo=-999
H=93,spo=-999
H=93,spo=-999
H=93,spo=-999
H=93,spo=-999
H=93,spo=-999
H=93,spo=-999
H=93,spo=-999
H=93,spo=-999
H=136,spo=82
H=136,spo=82
H=136,spo=82
H=136,spo=82
H=136,spo=82
H=136,spo=82
H=136,spo=82
H=136,spo=82
H=136,spo=82
H=136,spo=82
H=136,spo=82
H=136,spo=82
H=136,spo=82
H=136,spo=82
H=136,spo=82
H=136,spo=82
H=136,spo=82
H=136,spo=82
H=136,spo=82
H=136,spo=82
H=136,spo=82
H=136,spo=82
H=136,spo=82
H=136,spo=82
H=136,spo=82
H=187,spo=-999
H=187,spo=-999
H=187,spo=-999
H=187,spo=-999
H=187,spo=-999
H=187,spo=-999
H=187,spo=-999
H=187,spo=-999
H=187,spo=-999
H=187,spo=-999
H=187,spo=-999
H=187,spo=-999
H=187,spo=-999
H=187,spo=-999
H=187,spo=-999
H=187,spo=-999
H=187,spo=-999
H=187,spo=-999
H=187,spo=-999
H=187,spo=-999
H=187,spo=-999
H=187,spo=-999
H=187,spo=-999
H=187,spo=-999
H=187,spo=-999
H=115,spo=74
H=115,spo=74
H=115,spo=74
H=115,spo=74
H=115,spo=74
H=115,spo=74
H=115,spo=74
H=115,spo=74
H=115,spo=74
H=115,spo=74
H=115,spo=74
H=115,spo=74
H=115,spo=74
H=115,spo=74
H=115,spo=74
H=115,spo=74
H=115,spo=74
H=115,spo=74
H=115,spo=74
H=115,spo=74
H=115,spo=74
H=115,spo=74
H=115,spo=74
H=115,spo=74
H=115,spo=74
H=93,spo=12
H=93,spo=12
H=93,spo=12
H=93,spo=12
H=93,spo=12
H=93,spo=12
H=93,spo=12
H=93,spo=12
H=93,spo=12
H=93,spo=12
H=93,spo=12
H=93,spo=12
H=93,spo=12
H=93,spo=12
H=93,spo=12
H=93,spo=12
H=93,spo=12
H=93,spo=12
H=93,spo=12
H=93,spo=12
H=93,spo=12
H=93,spo=12
H=93,spo=12
H=93,spo=12
H=93,spo=12
H=150,spo=-999
H=150,spo=-999
H=150,spo=-999
H=150,spo=-999
H=150,spo=-999
H=150,spo=-999
H=150,spo=-999
H=150,spo=-999
H=150,spo=-999
H=150,spo=-999
H=150,spo=-999
H=150,spo=-999
H=150,spo=-999
H=150,spo=-999
H=150,spo=-999
H=150,spo=-999
H=150,spo=-999
H=150,spo=-999
H=150,spo=-999
H=150,spo=-999
H=150,spo=-999
H=150,spo=-999
H=150,spo=-999
H=150,spo=-999
H=150,spo=-999
H=125,spo=-999
H=125,spo=-999
H=125,spo=-999
H=125,spo=-999
H=125,spo=-999
H=125,spo=-999
H=125,spo=-999
H=125,spo=-999
H=125,spo=-999
H=125,spo=-999
H=125,spo=-999
H=125,spo=-999
H=125,spo=-999
H=125,spo=-999
H=125,spo=-999
H=125,spo=-999
H=125,spo=-999
H=125,spo=-999
H=125,spo=-999
H=125,spo=-999
H=125,spo=-999
H=125,spo=-999
H=125,spo=-999
H=125,spo=-999
H=125,spo=-999
H=166,spo=97
166,spo=97
H=166,spo=97
H=166,spo=97
H=166,spo=97
H=166,spo=97
H=166,spo=97
H=166,spo=97
H=166,spo=97
H=166,spo=97
H=166,spo=97
H=166,spo=97
H=166,spo=97
H=166,spo=97
H=166,spo=97
H=166,spo=97
H=166,spo=97
H=166,spo=97
H=166,spo=97
H=166,spo=97
H=166,spo=97
H=166,spo=97
H=166,spo=97
H=166,spo=97
H=166,spo=97
H=68,spo=38
H=68,spo=38
H=68,spo=38
H=68,spo=38
H=68,spo=38
H=68,spo=38
H=68,spo=38
H=68,spo=38
H=68,spo=38
H=68,spo=38
H=68,spo=38
H=68,spo=38
H=68,spo=38
H=68,spo=38
H=68,spo=38
H=68,spo=38
H=68,spo=38
H=68,spo=38
H=68,spo=38
H=68,spo=38
H=68,spo=38
H=68,spo=38
H=68,spo=38
H=68,spo=38
H=68,spo=38
H=57,spo=55
H=57,spo=55
H=57,spo=55
H=57,spo=55
H=57,spo=55
H=57,spo=55
H=57,spo=55
H=57,spo=55
H=57,spo=55
H=57,spo=55
H=57,spo=55
H=57,spo=55
H=57,spo=55
H=57,spo=55
H=57,spo=55
H=57,spo=55
H=57,spo=55
H=57,spo=55
H=57,spo=55
H=57,spo=55
H=57,spo=55
H=57,spo=55
H=57,spo=55
H=57,spo=55
H=57,spo=55
H=115,spo=55
H=115,spo=55
H=115,spo=55
H=115,spo=55
H=115,spo=55
H=115,spo=55
H=115,spo=55
H=115,spo=55
H=115,spo=55
H=115,spo=55
H=115,spo=55
H=115,spo=55
H=115,spo=55
H=115,spo=55
H=115,spo=55
H=115,spo=55
H=115,spo=55
H=115,spo=55
H=115,spo=55
H=115,spo=55
H=115,spo=55
H=115,spo=55
H=115,spo=55
H=115,spo=55
H=115,spo=55
H=125,spo=58
H=125,spo=58
H=125,spo=58
H=125,spo=58
H=125,spo=58
H=125,spo=58
125,spo=58
H=125,spo=58
H=125,spo=58
H=125,spo=58
H=125,spo=58
H=125,spo=58
H=125,spo=58
H=125,spo=58
H=125,spo=58
H=125,spo=58
H=125,spo=58
H=125,spo=58
H=125,spo=58
H=125,spo=58
H=125,spo=58
H=125,spo=58
H=125,spo=58
H=125,spo=58
H=125,spo=58
H=107,spo=72
H=107,spo=72
H=107,spo=72
H=107,spo=72
H=107,spo=72
H=107,spo=72
H=107,spo=72
H=107,spo=72
H=107,spo=72
H=107,spo=72
H=107,spo=72
H=107,spo=72
H=107,spo=72
H=107,spo=72
H=107,spo=72
H=107,spo=72
H=177,so=72
H=107,spo=72
H=107,spo=72
H=107,spo=72
H=107,spo=72
H=107,spo=72
H=107,spo=72
H=107,spo=72
H=107,spo=72
H=100,spo=80
H=100,spo=80
H=100,spo=80
H=100,spo=80
H=100,spo=80
H=100,spo=80
H=100,spo=80
H=100,spo=80
H=100,spo=80
H=100,spo=80
H=100,spo=80
H=100,spo=80
H=100,spo=80
H=100,spo=80
H=100,spo=80
H=100,spo=80
H=100,spo=80
H=100,spo=80
H=100,spo=80
H=100,spo=80
H=100,spo=80
H=100,spo=80
H=100,spo=80
H=100,spo=80
H=100,spo=80
H=107,spo=81
H=107,spo=81H=107,spo=81
H=107,spo=81
H=107,spo=81
H=107,spo=81
H=107,spo=81
H=107,spo=81
H=107,spo=81
H=107,spo=81
H=107,spo=81
H=107,spo=81
H=107,spo=81
H=107,spo=81
H=107,spo=81
H=107,spo=81
H=107,spo=81
H=107,spo=81
H=107,spo=81
H=107,spo=81
H=107,spo=81
H=107,spo=81
H=107,spo=81
H=107,spo=81
H=107,spo=81
H=107,spo=81
H=107,spo=81
H=107,spo=81
H=107,spo=81
H=107,spo=81
H=107,spo=81
H=107,spo=81
H=107,spo=81
H=107,spo=81
H=107,spo=81
H=107,spo=81
H=107,spo=81
H=107,spo=81
H=107,spo=81
H=107,spo=81
H=107,spo=81
H=107,spo=81
H=107,spo=81
H=107,spo=81
H=107,spo=81
H=107,spo=81
H=107,spo=81
H=107,spo=81
H=107,spo=81
H=107,spo=81
H=65,spo=81
H=65,spo=81
H=65,spo=81
H=65,spo=81
H=65,spo=81
H=65,spo=81
H=65,spo=81
H=65,spo=81
H=65,spo=81
H=65,spo=81
H=65,spo=81
H=65,spo=81
H=65,spo=81
H=65,spo=81
H=65,spo=81
H=65,spo=81
H=65,spo=81
H=65,spo=81
H=65,spo=81
H=65,spo=81
H=65,spo=81
H=65,spo=81
H=65,spo=81
H=65,spo=81
H=65,spo=81
H=83,spo=100
H=83,spo=100
H=83,spo=100
H=83,spo=100
H=83,spo=100
H=83,spo=100
H=83,spo=100
H=83,spo=100
H=83,spo=100
H=83,spo=100
H=83,spo=100
H=83,spo=100
H=83,spo=100
H=83,spo=100
H=83,spo=100
H=83,spo=100
H=83,spo=100
H=83,spo=100
H=83,spo=100
H=83,spo=100
H=83,spo=100
H=83,spo=100
H=83,spo=100
H=83,spo=100
H=83,spo=100
H=187,spo=87
H=187,spo=87
H=187,spo=87
H=187,spo=87
H=187,spo=87
H=187,spo=87
H=187,spo=87
H=187,spo=87
H=187,spo=87
H=187,spo=87
H=187,spo=87
H=187,spo=87
H=187,spo=87
H=187,spo=87
H=187,spo=87
H=187,spo=87
H=187,spo=87
H=187,spo=87
H=187,spo=87
H=187,spo=87
H=187,spo=87
H=187,spo=87
H=187,spo=87
H=187,spo=87
H=187,spo=87
H=187,spo=95
H=187,spo=95
H=187,spo=95
H=187,spo=95
H=187,spo=95
H=187,spo=95
H=187,spo=95
H=187,spo=95
H=187,spo=95
H=187,spo=95
H=187,spo=95
H=187,spo=95
H=187,spo=95
H=187,spo=95
H=187,spo=95
H=187,spo=95
H=187,spo=95
H=187,spo=95
H=187,spo=95
H=187,spo=95
H=187,spo=95
H=187,spo=95
H=187,spo=95
H=187,spo=95
H=187,spo=95
H=136,spo=95
H=136,spo=95
H=136,spo=95
H=136,spo=95
H=136,spo=95
H=136,spo=95
H=136,spo=95
H=136,spo=95
H=136,spo=95
H=136,spo=95
H=136,spo=95
H=136,spo=95
H=136,spo=95
H=136,spo=95
H=136,spo=95
H=136,spo=95
H=136,spo=95
H=136,spo=95
H=136,spo=95
H=136,spo=95
H=136,spo=95
H=136,spo=95
H=136,spo=95
H=136,spo=95
H=136,spo=95
H=107,spo=92
H=107,spo=92
H=107,spo=92
H=107,spo=92
H=107,spo=92
H=107,spo=92
H=107,spo=92
H=107,spo=92
H=107,spo=92
H=107,spo=92
H=107,spo=92
H=107,spo=92
H=107,spo=92
H=107,spo=92
H=107,spo=92
H=107,spo=92
H=107,spo=92
H=107,spo=92
H=107,spo=92
H=107,spo=92
H=107,spo=92
H=107,spo=92
H=107,spo=92
H=107,spo=92
H=107,spo=92
H=83,spo=92
H=83,spo=92
H=83,spo=92
H=83,spo=92
H=83,spo=92
H=83,spo=92
H=83,spo=92
H=83,spo=92
H=83,spo=92
H=83,spo=92
H=83,spo=92
H=83,spo=92
H=83,spo=92
H=83,spo=92
H=83,spo=92
H=83,spo=92
H=83,spo=92
H=83,spo=92
H=83,spo=92
H=83,spo=92
H=83,spo=92
H=83,spo=92
H=83,spo=92
H=83,spo=92
H=83,spo=92
H=100,spo=74
H=100,spo=74
H=100,spo=74
H=100,spo=74
H=100,spo=74
H=100,spo=74
H=100,spo=74
H=100,spo=74
H=100,spo=74
H=100,spo=74
H=100,spo=74
H=100,spo=74
H=100,spo=74
H=100,spo=74
H=100,spo=74
H=100,spo=74
H=100,spo=74
H=100,spo=74
H=100,spo=74
H=100,spo=74
H=100,spo=74
H=100,spo=74
H=100,spo=74
H=100,spo=74
H=100,spo=74
H=166,spo=74
H=166,spo=74
H=166,spo=74
H=166,spo=74
H=166,spo=74
H=166,spo=74
H=166,spo=74
H=166,spo=74
H=166,spo=74
H=166,spo=74
H=166,spo=74
H=166,spo=74
H=166,spo=74
H=166,spo=74
H=166,spo=74
H=166,spo=74
H=166,spo=74
H=166,spo=74
H=166,spo=74
H=166,spo=74
H=166,spo=74
H=166,spo=74
H=166,spo=74
H=166,spo=74
H=166,spo=74
H=-999,spo=-999
H=-999,spo=-999
H=-999,spo=-999
H=-999,spo=-999
H=-999,spo=-999
H=-999,spo=-999
H=-999,spo=-999
H=-999,spo=-999
H=-999,spo=-999
H=-999,spo=-999
H=-999,spo=-999
H=-999,spo=-999
H=-999,spo=-999
H=-999,spo=-999
H=-999,spo=-999
H=-999,spo=-999
H=-999,spo=-999
H=-999,spo=-999
H=-999,spo=-999
H=-999,spo=-999
H=-999,spo=-999
H=-999,spo=-999
H=-999,spo=-999
H=-999,spo=-999
H=-999,spo=-999
H=115,spo=87
H=115,spo=87
H=115,spo=87
H=115,spo=87
H=115,spo=87
H=115,spo=87
H=115,spo=87
H=115,spo=87
H=115,spo=87
H=115,spo=87
H=115,spo=87
H=115,spo=87
H=115,spo=87
H=115,spo=87
H=115,spo=87
H=115,spo=87
H=115,spo=87
H=115,spo=87
H=115,spo=87
H=115,spo=87
H=115,spo=87
H=115,spo=87
H=115,spo=87
H=115,spo=87
H=115,spo=87
H=62,spo=-999
H=62,spo=-999
H=62,spo=-999
H=62,spo=-999
H=62,spo=-999
H=62,spo=-999
H=62,spo=-999
H=62,spo=-999
H=62,spo=-999
H=62,spo=-999
H=62,spo=-999
H=62,spo=-999
H=62,spo=-999
H=62,spo=-999
H=62,spo=-999
H=62,spo=-999
H=62,spo=-999
H=62,spo=-999
H=62,spo=-999
H=62,spo=-999
H=62,spo=-999
H=62,spo=-999
H=62,spo=-999
H=62,spo=-999
H=62,spo=-999
H=71,spo=-999
H=71,spo=-999
H=71,spo=-999
H=71,spo=-999
H=71,spo=-999
H=71,spo=-999
H=71,spo=-999
H=71,spo=-999
H=71,spo=-999
H=71,spo=-999
H=71,spo=-999
H=71,spo=-999
H=71,spo=-999
H=71,spo=-999
H=71,spo=-999
H=71,spo=-999
H=71,spo=-999
H=71,spo=-999
H=71,spo=-999
H=71,spo=-999
H=71,spo=-999
H=71,spo=-999
H=71,spo=-999
H=71,spo=-999
H=71,spo=-999
H=78,spo=99
H=78,spo=99
H=78,spo=99
H=78,spo=99
H=78,spo=99
H=78,spo=99
H=78,spo=99
H=78,spo=99
H=78,spo=99
H=78,spo=99
H=78,spo=99
H=78,spo=99
H=78,spo=99
H=78,spo=99
H=78,spo=99
H=78,spo=99
H=78,spo=99
H=78,spo=99
H=78,spo=99
H=78,spo=99
H=78,spo=99
H=78,spo=99
H=78,spo=99
H=78,spo=99
H=78,spo=99
H=107,spo=66
H=107,spo=66
H=107,spo=66
H=107,spo=66
H=107,spo=66
H=107,spo=66
H=107,spo=66
H=107,spo=66
H=107,spo=66
H=107,spo=66
H=107,spo=66
H=107,spo=66
H=107,spo=66
H=107,spo=66
H=107,spo=66
H=107,spo=66
H=107,spo=66
H=107,spo=66
H=107,spo=66
H=107,spo=66
H=107,spo=66
H=107,spo=66
H=107,spo=66
H=107,spo=66
H=107,spo=66
H=107,spo=79
H=107,spo=79
H=107,spo=79
H=107,spo=79
H=107,spo=79
H=107,spo=79
H=107,spo=79
H=107,spo=79
H=107,spo=79
H=107,spo=79
H=107,spo=79
H=107,spo=79
H=107,spo=79
H=107,spo=79
H=107,spo=79
H=107,spo=79
H=107,spo=79
H=107,spo=79
H=107,spo=79
H=107,spo=79
H=107,spo=79
H=107,spo=79
H=107,spo=79
H=107,spo=79
H=107,spo=79
H=88,spo=60
H=88,spo=60
H=88,spo=60
H=88,spo=60
H=88,spo=60
H=88,spo=60
H=88,spo=60
H=88,spo=60
H=88,spo=60
H=88,spo=60
H=88,spo=60
H=88,spo=60
H=88,spo=60
H=88,spo=60
H=88,spo=60
H=88,spo=60
H=88,spo=60
H=88,spo=60
H=88,spo=60
H=88,spo=60
H=88,spo=60
H=88,spo=60
H=88,spo=60
H=88,spo=60
H=88,spo=60
H=166,spo=84
H=166,spo=84
H=166,spo=84
H=166,spo=84
H=166,spo=84
H=166,spo=84
H=166,spo=84
H=166,spo=84
H=166,spo=84
H=166,spo=84
H=166,spo=84
H=166,spo=84
H=166,spo=84
H=166,spo=84
H=166,spo=84
H=166,spo=84
H=166,spo=84
H=166,spo=84
H=166,spo=84
H=166,spo=84
H=166,spo=84
H=166,spo=84
H=166,spo=84
H=166,spo=84
H=166,spo=84
H=65,spo=11
H=65,spo=11
H=65,spo=11
H=65,spo=11
H=65,spo=11
H=65,spo=11
H=65,spo=11
H=65,spo=11
H=65,spo=11
H=65,spo=11
H=65,spo=11
H=65,spo=11
H=65,spo=11
H=65,spo=11
H=65,spo=11
H=65,spo=11
H=65,spo=11
H=65,spo=11
H=65,spo=11
H=65,spo=11
H=65,spo=11
H=65,spo=11
H=65,spo=11
H=65,spo=11
H=65,spo=11
H=107,spo=23
H=107,spo=23
H=107,spo=23
H=107,spo=23
H=107,spo=23
H=107,spo=23
H=107,spo=23
H=107,spo=23
H=107,spo=23
H=107,spo=23
H=107,spo=23
H=107,spo=23
H=107,spo=23
H=107,spo=23
H=107,spo=23
H=107,spo=23
H=107,spo=23
H=107,spo=23
H=107,spo=23
H=107,spo=23
H=107,spo=23
H=107,spo=23
H=107,spo=23
H=107,spo=23
H=107,spo=23
H=166,spo=-999
H=166,spo=-999
H=166,spo=-999
H=166,spo=-999
H=166,spo=-999
H=166,spo=-999
H=166,spo=-999
H=166,spo=-999
H=166,spo=-999
H=166,spo=-999
H=166,spo=-999
H=166,spo=-999
H=166,spo=-999
H=166,spo=-999
H=166,spo=-999
H=166,spo=-999
H=166,spo=-999
H=166,spo=-999
H=166,spo=-999
H=166,spo=-999
H=166,spo=-999
H=166,spo=-999
H=166,spo=-999
H=166,spo=-999
H=166,spo=-999
H=150,spo=36
H=150,spo=36
H=150,spo=36
H=150,spo=36
H=150,spo=36
H=150,spo=36
H=150,spo=36
H=150,spo=36
H=150,spo=36
H=150,spo=36
H=150,spo=36
H=150,spo=36
H=150,spo=36
H=150,spo=36
H=150,spo=36
H=150,spo=36
H=150,spo=36
H=150,spo=36
H=150,spo=36
H=150,spo=36
H=150,spo=36
H=150,spo=36
H=150,spo=36
H=150,spo=36
H=150,spo=36
H=125,spo=36
H=125,spo=36
H=125,spo=36
H=125,spo=36
H=125,spo=36
H=125,spo=36
H=125,spo=36
H=125,spo=36
H=125,spo=36
H=125,spo=36
H=125,spo=36
H=125,spo=36
H=125,spo=36
H=125,spo=36
H=125,spo=36
H=125,spo=36
H=125,spo=36
H=125,spo=36
H=125,spo=36
H=125,spo=36
H=125,spo=36
H=125,spo=36
H=125,spo=36
H=125,spo=36
H=125,spo=36
H=136,spo=36
H=136,spo=36
H=136,spo=36
H=136,spo=36
H=136,spo=36
H=136,spo=36
H=136,spo=36
H=136,spo=36
H=136,spo=36
H=136,spo=36
H=136,spo=36
H=136,spo=36
H=136,spo=36
H=136,spo=36
H=136,spo=36
H=136,spo=36
H=136,spo=36
H=136,spo=36
H=136,spo=36
H=136,spo=36
H=136,spo=36
H=136,spo=36
H=136,spo=36
H=136,spo=36
H=136,spo=36
H=68,spo=81
H=68,spo=81
H=68,spo=81
H=68,spo=81
H=68,spo=81
H=68,spo=81
H=68,spo=81
H=68,spo=81
H=68,spo=81
H=68,spo=81
H=68,spo=81
H=68,spo=81
H=68,spo=81
H=68,spo=81
H=68,spo=81
H=68,spo=81
H=68,spo=81
H=68,spo=81
H=68,spo=81
H=68,spo=81
H=68,spo=81
H=68,spo=81
H=68,spo=81
H=68,spo=81
H=68,spo=81
H=150,spo=81
H=150,spo=81
H=150,spo=81
H=150,spo=81
H=150,spo=81
H=150,spo=81
H=150,spo=81
H=150,spo=81
H=150,spo=81
H=150,spo=81
H=150,spo=81
H=150,spo=81
H=150,spo=81
H=150,spo=81
H=150,spo=81
H=150,spo=81
H=150,spo=81
H=150,spo=81
H=150,spo=81
H=150,spo=81
H=150,spo=81
H=150,spo=81
H=150,spo=81
H=150,spo=81
H=150,spo=81
H=136,spo=5
H=136,spo=5
H=136,spo=5
H=136,spo=5
H=136,spo=5
H=136,spo=5
H=136,spo=5
H=136,spo=5
H=136,spo=5
H=136,spo=5
H=136,spo=5
H=136,spo=5
H=136,spo=5
H=136,spo=5
H=136,spo=5
H=136,spo=5
H=136,spo=5
H=136,spo=5
H=136,spo=5
H=136,spo=5
H=136,spo=5
H=136,spo=5
H=136,spo=5
H=136,spo=5
H=136,spo=5
H=166,spo=56
H=166,spo=56
H=166,spo=56
H=166,spo=56
H=166,spo=56
H=166,spo=56
H=166,spo=56
H=166,spo=56
H=166,spo=56
H=166,spo=56
H=166,spo=56
H=166,spo=56
H=166,spo=56
H=166,spo=56
H=166,spo=56
H=166,spo=56
H=166,spo=56
H=166,spo=56
H=166,spo=56
H=166,spo=56
H=166,spo=56
H=166,spo=56
H=166,spo=56
H=166,spo=56
H=166,spo=56
H=150,spo=-999
H=150,spo=-999
H=150,spo=-999
H=150,spo=-999
H=150,spo=-999
H=150,spo=-999
H=150,spo=-999
H=150,spo=-999
H=150,spo=-999
H=150,spo=-999
H=150,spo=-999
H=150,spo=-999
H=150,spo=-999
H=150,spo=-999
H=150,spo=-999
H=150,spo=-999
H=150,spo=-999
H=150,spo=-999
H=150,spo=-999
H=150,spo=-999
H=150,spo=-999
H=150,spo=-999
H=150,spo=-999
H=150,spo=-999
H=150,spo=-999
H=150,spo=-999
H=150,spo=-999
H=150,spo=-999
H=150,spo=-999
H=150,spo=-999
H=150,spo=-999
H=150,spo=-999
H=150,spo=-999
H=150,spo=-999
H=150,spo=-999
H=150,spo=-999
H=150,spo=-999
H=150,spo=-999
H=150,spo=-999
H=150,spo=-999
H=150,spo=-999
H=150,spo=-999
H=150,spo=-999
H=150,spo=-999
H=150,spo=-999
H=150,spo=-999
H=150,spo=-999
H=150,spo=-999
H=150,spo=-999
H=150,spo=-999
H=150,spo=-999
H=150,spo=-999
H=150,spo=-999
H=150,spo=-999
H=150,spo=-999
H=150,spo=-999
H=150,spo=-999
H=150,spo=-999
H=150,spo=-999
H=150,spo=-999
H=150,spo=-999
H=150,spo=-999
H=150,spo=-999
H=150,spo=-999
H=150,spo=-999
H=150,spo=-999
H=150,spo=-999
H=150,spo=-999
H=150,spo=-999
H=150,spo=-999
H=150,spo=-999
H=150,spo=-999
H=150,spo=-999
H=150,spo=-999
H=150,spo=-999
H=68,spo=-999
H=68,spo=-999
H=68,spo=-999
H=68,spo=-999
H=68,spo=-999
H=68,spo=-999
H=68,spo=-999
H=68,spo=-999
H=68,spo=-999
H=68,spo=-999
H=68,spo=-999
H=68,spo=-999
H=68,spo=-999
H=68,spo=-999
H=68,spo=-999
H=68,spo=-999
H=68,spo=-999
H=68,spo=-999
68,spo=-999
H=68,spo=-999
H=68,spo=-999
H=68,spo=-999
H=68,spo=-999
H=68,spo=-999
H=68,spo=-999
H=83,spo=-999
H=83,spo=-999
H=83,spo=-999
H=83,spo=-999
H=83,spo=-999
H=83,spo=-999
H=83,spo=-999
H=83,spo=-999
H=83,spo=-999
H=83,spo=-999
H=83,spo=-999
H=83,spo=-999
H=83,spo=-999
H=83,spo=-999
H=83,spo=-999
H=83,spo=-999
H=83,spo=-999
H=83,spo=-999
H=83,spo=-999
H=83,spo=-999
H=83,spo=-999
H=83,spo=-999
H=83,spo=-999
H=83,spo=-999
H=83,spo=-999
H=62,spo=-999
H=62,spo=-999
H=62,spo=-999
H=62,spo=-999
H=62,spo=-999
H=62,spo=-999
H=62,spo=-999
H=62,spo=-999
H=62,spo=-999
H=62,spo=-999
H=62,spo=-999
H=62,spo=-999
H=62,spo=-999
H=62,spo=-999
H=62,spo=-999
H=62,spo=-999
H=62,spo=-999
H=62,spo=-999
H=62,spo=-999
H=62,spo=-999
H=62,spo=-999
H=62,spo=-999
H=62,spo=-999
H=62,spo=-999
H=62,spo=-999
H=115,spo=-999
H=115,spo=-999
H=115,spo=-999
H=115,spo=-999
H=115,spo=-999
H=115,spo=-999
H=115,spo=-999
H=115,spo=-999
H=115,spo=-999
H=115,spo=-999
H=115,spo=-999
H=115,spo=-999
H=115,spo=-999
H=115,spo=-999
H=115,spo=-999
H=115,spo=-999
H=115,spo=-999
H=115,spo=-999
H=115,spo=-999
H=115,spo=-999
H=115,spo=-999
H=115,spo=-999
H=115,spo=-999
H=115,spo=-999
H=115,spo=-999
H=88,spo=-999
H=88,spo=-999
H=88,spo=-999
H=88,spo=-999
H=88,spo=-999
H=88,spo=-999
H=88,spo=-999
H=88,spo=-999
H=88,spo=-999
H=88,spo=-999
H=88,spo=-999
H=88,spo=-999
H=88,spo=-999
H=88,spo=-999
H=88,spo=-999
H=88,spo=-999
H=88,spo=-999
H=88,spo=-999
H=88,spo=-999
H=88,spo=-999
H=88,spo=-999
H=88,spo=-999
H=88,spo=-999
H=88,spo=-999
H=88,spo=-999
H=250,spo=-999
H=250,spo=-999
H=250,spo=-999
H=250,spo=-999
H=250,spo=-999
H=250,spo=-999
H=250,spo=-999
H=250,spo=-999
H=250,spo=-999
H=250,spo=-999
H=250,spo=-999
H=250,spo=-999
H=250,spo=-999
H=250,spo=-999
H=250,spo=-999
H=250,spo=-999
H=250,spo=-999
H=250,spo=-999
H=250,spo=-999
H=250,spo=-999
H=250,spo=-999
H=250,spo=-999
H=250,spo=-999
H=250,spo=-999
H=250,spo=-999
H=-999,spo=-999
H=-999,spo=-999
H=-999,spo=-999
H=-999,spo=-999
H=-999,spo=-999
H=-999,spo=-999
H=-999,spo=-999
H=-999,spo=-999
H=-999,spo=-999
H=-999,spo=-999
H=-999,spo=-999
H=-999,spo=-999
H=-999,spo=-999
H=-999,spo=-999
H=-999,spo=-999
H=-999,spo=-999
H=-999,spo=-999
H=-999,spo=-999
H=-999,spo=-999
H=-999,spo=-999
H=-999,spo=-999
H=-999,spo=-999
H=-999,spo=-999
H=-999,spo=-999
H=-999,spo=-999
H=51,spo=-999
H=51,spo=-999
H=51,spo=-999
H=51,spo=-999
H=51,spo=-999
H=51,spo=-999
H=51,spo=-999
H=51,spo=-999
H=51,spo=-999
H=51,spo=-999
H=51,spo=-999
H=51,spo=-999
H=51,spo=-999
H=51,spo=-999
H=51,spo=-999
H=51,spo=-999
H=51,spo=-999
H=51,spo=-999
H=51,spo=-999
H=51,spo=-999
H=51,spo=-999
H=51,spo=-999
H=51,spo=-999
H=51,spo=-999
H=51,spo=-999
H=115,spo=-999
H=115,spo=-999
H=115,spo=-999
H=115,spo=-999
H=115,spo=-999
H=115,spo=-999
H=115,spo=-999
H=115,spo=-999
H=115,spo=-999
H=115,spo=-999
H=115,spo=-999
H=115,spo=-999
H=115,spo=-999
H=115,spo=-999
H=115,spo=-999
H=115,spo=-999
H=115,spo=-999
H=115,spo=-999
H=115,spo=-999
H=115,spo=-999
H=115,spo=-999
H=115,spo=-999
H=115,spo=-999
H=115,spo=-999
H=115,spo=-999
H=-999,spo=-999
H=-999,spo=-999
H=-999,spo=-999
H=-999,spo=-999
H=-999,spo=-999
H=-999,spo=-999
H=-999,spo=-999
H=-999,spo=-999
H=-999,spo=-999
H=-999,spo=-999
H=-999,spo=-999
H=-999,spo=-999
H=-999,spo=-999
H=-999,spo=-999
H=-999,spo=-999
H=-999,spo=-999
H=-999,spo=-999
H=-999,spo=-999
H=-999,spo=-999
H=-999,spo=-999
H=-999,spo=-999
H=-999,spo=-999
H=-999,spo=-999
H=-999,spo=-999
H=-999,spo=-999
H=-999,spo=-999
H=-999,spo=-999
H=-999,spo=-999
H=-999,spo=-999
H=-999,spo=-999
H=-999,spo=-999
H=-999,spo=-999
H=-999,spo=-999
H=-999,spo=-999
H=-999,spo=-999
H=-999,spo=-999
H=-999,spo=-999
H=-999,spo=-999
H=-999,spo=-999
H=-999,spo=-999
H=-999,spo=-999
H=-999,spo=-999
H=-999,spo=-999
H=-999,spo=-999
H=-999,spo=-999
H=-999,spo=-999
H=-999,spo=-999
H=-999,spo=-999
H=-999,spo=-999
H=-999,spo=-999
H=115,spo=44
H=115,spo=44
H=115,spo=44
H=115,spo=44
H=115,spo=44
H=115,spo=44
H=115,spo=44
H=115,spo=44
H=115,spo=44
H=115,spo=44
H=115,spo=44
H=115,spo=44
H=115,spo=44
H=115,spo=44
H=115,spo=44
H=115,spo=44
H=115,spo=44
H=115,spo=44
H=115,spo=44
H=115,spo=44
H=115,spo=44
H=115,spo=44
H=115,spo=44
H=115,spo=44
H=115,spo=44
H=115,spo=66
H=115,spo=66
H=115,spo=66
H=115,spo=66
H=115,spo=66
H=115,spo=66
H=115,spo=66
H=115,spo=66
H=115,spo=66
H=115,spo=66
H=115,spo=66
H=115,spo=66
H=115,spo=66
H=115,spo=66
H=115,spo=66
H=115,spo=66
H=115,spo=66
H=115,spo=66
H=115,spo=66
H=115,spo=66
H=115,spo=66
H=115,spo=66
H=115,spo=66
H=115,spo=66
H=115,spo=66
H=125,spo=91
H=125,spo=91
H=125,spo=91
H=125,spo=91
H=125,spo=91
H=125,spo=91
H=125,spo=91
H=125,spo=91
H=125,spo=91
H=125,spo=91
H=125,spo=91
H=125,spo=91
H=125,spo=91
H=125,spo=91
H=125,spo=91
H=125,spo=91
H=125,spo=91
H=125,spo=91
H=125,spo=91
H=125,spo=91
H=125,spo=91
H=125,spo=91
H=125,spo=91
H=125,spo=91
H=125,spo=91
H=125,spo=81
H=125,spo=81
H=125,spo=81
H=125,spo=81
H=125,spo=81
H=125,spo=81
H=125,spo=81
H=125,spo=81
H=125,spo=81
H=125,spo=81
H=125,spo=81
H=125,spo=81
H=125,spo=81
H=125,spo=81
H=125,spo=81
H=125,spo=81
H=125,spo=81
H=125,spo=81
H=125,spo=81
H=125,sp=81
H=125,spo=81
H=125,spo=81
H=125,spo=81
H=125,spo=81
H=125,spo=81
H=36,spo=-999
H=36,spo=-999
H=36,spo=-999
H=36,spo=-999
H=36,spo=-999
H=36,spo=-999
H=36,spo=-999
H=36,spo=-999
H=36,spo=-999
H=36,spo=-999
H=36,spo=-999
H=36,spo=-999
H=36,spo=-999
H=36,spo=-999
H=36,spo=-999
H=36,spo=-999
H=36,spo=-999
H=36,spo=-999
H=36,spo=-999
H=36,spo=-999
H=36,spo=-999
H=36,spo=-999
H=36,spo=-999
H=36,spo=-999
H=36,spo=-999
H=100,spo=91
H=100,spo=91
H=100,spo=91
H=100,spo=91
H=100,spo=91
H=100,spo=91
H=100,spo=91
H=100,spo=91
H=100,spo=91
H=100,spo=91
H=100,spo=91
H=100,spo=91
H=100,spo=91
H=100,spo=91
H=100,spo=91
H=100,spo=91
H=100,spo=91
H=100,spo=91
H=100,spo=91
H=100,spo=91
H=100,spo=91
H=100,spo=91
H=100,spo=91
H=100,spo=91
H=100,spo=91
H=125,spo=82
H=125,spo=82
H=125,spo=82
H=125,spo=82
H=125,spo=82
H=125,spo=82
H=125,spo=82
H=125,spo=82
H=125,spo=82
H=125,spo=82
H=125,spo=82
H=125,spo=82
H=125,spo=82
H=125,spo=82
H=125,spo=82
H=125,spo=82
H=125,spo=82
H=125,spo=82
H=125,spo=82
H=125,spo=82
H=125,spo=82
H=125,spo=82
H=125,spo=82
H=125,spo=82
H=125,spo=82
H=125,spo=82
H=125,spo=82
H=125,spo=82
H=125,spo=82
H=125,spo=82
H=125,spo=82
H=125,spo=82
H=125,spo=82
H=125,spo=82
H=125,spo=82
H=125,spo=82
H=125,spo=82
H=125,spo=82
H=125,spo=82
H=125,spo=82
H=125,spo=82
H=125,spo=82
H=125,spo=82
H=125,spo=82
H=125,spo=82
H=125,spo=82
H=125,spo=82
H=125,spo=82
H=125,spo=82
H=125,spo=82
H=32,spo=69
H=32,spo=69
H=32,spo=69
H=32,spo=69
H=32,spo=69
H=32,spo=69
H=32,spo=69
H=32,spo=69
H=32,spo=69
H=32,spo=69
H=32,spo=69
H=32,spo=69
H=32,spo=69
H=32,spo=69
H=32,spo=69
H=32,spo=69
H=32,spo=69
H=32,spo=69
H=32,spo=69
H=32,spo=69
H=32,spo=69
H=32,spo=69
H=32,spo=69
H=32,spo=69
H=32,spo=69
H=83,spo=22
H=83,spo=22
H=83,spo=22
H=83,spo=22
H=83,spo=22
H=83,spo=22
H=83,spo=22
H=83,spo=22
H=83,spo=22
H=83,spo=22
H=83,spo=22
H=83,spo=22
H=83,spo=22
H=83,spo=22
H=83,spo=22
H=83,spo=22
H=83,spo=22
H=83,spo=22
H=83,spo=22
H=83,spo=22
H=83,spo=22
H=83,spo=22
H=83,spo=22
H=83,spo=22
H=83,spo=22
H=107,spo=-999
H=107,spo=-999
H=107,spo=-999
H=107,spo=-999
H=107,spo=-999
H=107,spo=-999
H=107,spo=-999
H=107,spo=-999
H=107,spo=-999
H=107,spo=-999
H=107,spo=-999
H=107,spo=-999
H=107,spo=-999
H=107,spo=-999
H=107,spo=-999
H=107,spo=-999
H=107,spo=-999
H=107,spo=-999
H=107,spo=-999
H=107,spo=-999
H=107,spo=-999
H=107,spo=-999
H=107,spo=-999
H=107,spo=-999
H=107,spo=-999
H=71,spo=77
H=71,spo=77
H=71,spo=77
H=71,spo=77
H=71,spo=77
H=71,spo=77
H=71,spo=77
H=71,spo=77
H=71,spo=77
H=71,spo=77
H=71,spo=77
H=71,spo=77
H=71,spo=77
H=71,spo=77
H=71,spo=77
H=71,spo=77
H=71,spo=77
H=71,spo=77
H=71,spo=77
H=71,spo=77
H=71,spo=77
H=71,spo=77
H=71,spo=77
H=71,spo=77
H=71,spo=77
H=25,spo=58
H=25,spo=58
H=25,spo=58
H=25,spo=58
H=25,spo=58
H=25,spo=58
H=25,spo=58
H=25,spo=58
H=25,spo=58
H=25,spo=58
H=25,spo=58
H=25,spo=58
H=25,spo=58
H=25,spo=58
H=25,spo=58
H=25,spo=58
H=25,spo=58
H=25,spo=58
H=25,spo=58
H=25,spo=58
H=25,spo=58
H=25,spo=58
H=25,spo=58
H=25,spo=58
H=25,spo=58
H=23,spo=66
H=23,spo=66
H=23,spo=66
H=23,spo=66
H=23,spo=66
H=23,spo=66
H=23,spo=66
H=23,spo=66
H=23,spo=66
H=23,spo=66
H=23,spo=66
H=23,spo=66
H=23,spo=66
H=23,spo=66
H=23,spo=66
H=23,spo=66
H=23,spo=66
H=23,spo=66
H=23,spo=66
H=23,spo=66
H=23,spo=66
H=23,spo=66
H=23,spo=66
H=23,spo=66
H=23,spo=66
H=125,spo=80
H=125,spo=80
H=125,spo=80
H=125,spo=80
H=125,spo=80
H=125,spo=80
H=125,spo=80
H=125,spo=80
H=125,spo=80
H=125,spo=80
H=125,spo=80
H=125,spo=80
H=125,spo=80
H=125,spo=80
H=125,spo=80
H=125,spo=80
H=125,spo=80
H=125,spo=80
H=125,spo=80
H=125,spo=80
H=125,spo=80
H=125,spo=80
H=125,spo=80
H=125,spo=80
H=125,spo=80
H=107,spo=80
H=107,spo=80
H=107,spo=80
H=107,spo=80
H=107,spo=80
H=107,spo=80
H=107,spo=80
H=107,spo=80
H=107,spo=80
H=107,spo=80
H=107,spo=80
H=107,spo=80
H=107,spo=80
H=107,spo=80
H=107,spo=80
H=107,spo=80
H=107,spo=80
H=107,spo=80
H=107,spo=80
H=107,spo=80
H=107,spo=80
H=107,spo=80
H=107,spo=80
H=107,spo=80
H=107,spo=80
H=-999,spo=-999
H=-999,spo=-999
H=-999,spo=-999
H=-999,spo=-999
H=-999,spo=-999
H=-999,spo=-999
H=-999,spo=-999
H=-999,spo=-999
H=-999,spo=-999
H=-999,spo=-999
H=-999,spo=-999
H=-999,spo=-999
H=-999,spo=-999
H=-999,spo=-999
H=-999,spo=-999
H=-999,spo=-999
H=-999,spo=-999
H=-999,spo=-999
H=-999,spo=-999
H=-999,spo=-999
H=-999,spo=-999
H=-999,spo=-999
H=-999,spo=-999
H=-999,spo=-999
H=-999,spo=-999
H=88,spo=39
H=88,spo=39
H=88,spo=39
H=88,spo=39
H=88,spo=39
H=88,spo=39
H=88,spo=39
H=88,spo=39
H=88,spo=39
H=88,spo=39
H=88,spo=39
H=88,spo=39
H=88,spo=39
H=88,spo=39
H=88,spo=39
H=88,spo=39
H=88,spo=39
H=88,spo=39
H=88,spo=39
H=88,spo=39
H=88,spo=39
H=88,spo=39
H=88,spo=39
H=88,spo=39
H=88,spo=39
H=125,spo=-999
H=125,spo=-999
H=125,spo=-999
H=125,spo=-999
H=125,spo=-999
H=125,spo=-999
H=125,spo=-999
H=125,spo=-999
H=125,spo=-999
H=125,spo=-999
H=125,spo=-999
H=125,spo=-999
H=125,spo=-999
H=125,spo=-999
H=125,spo=-999
H=125,spo=-999
H=125,spo=-999
H=125,spo=-999
H=125,spo=-999
H=125,spo=-999
H=125,spo=-999
H=125,spo=-999
H=125,spo=-999
H=125,spo=-999
H=125,spo=-999
H=136,spo=83
H=136,spo=83
H=136,spo=83
H=136,spo=83
H=136,spo=83
H=136,spo=83
H=136,spo=83
H=136,spo=83
H=136,spo=83
H=136,spo=83
H=136,spo=83
H=136,spo=83
H=136,spo=83
H=136,spo=83
H=136,spo=83
H=136,spo=83
H=136,spo=83
H=136,spo=83
H=136,spo=83
H=136,spo=83
H=136,spo=83
H=136,spo=83
H=136,spo=83
H=136,spo=83
H=136,spo=83
H=150,spo=74
H=150,spo=74
H=150,spo=74
H=150,spo=74
H=150,spo=74
H=150,spo=74
H=150,spo=74
H=150,spo=74
H=150,spo=74
H=150,spo=74
H=150,spo=74
H=150,spo=74
H=150,spo=74
H=150,spo=74
H=150,spo=74
H=150,spo=74
H=150,spo=74
H=150,spo=74
H=150,spo=74
H=150,spo=74
H=150,spo=74
H=150,spo=74
H=150,spo=74
H=150,spo=74
H=150,spo=74
H=125,spo=85
H=125,spo=85
H=125,spo=85
H=125,spo=85
H=125,spo=85
H=125,spo=85
H=125,spo=85
H=125,spo=85
H=125,spo=85
H=125,spo=85
H=125,spo=85
H=125,spo=85
H=125,spo=85
H=125,spo=85
H=125,spo=85
H=125,spo=85
H=125,spo=85
H=125,spo=85
H=125,spo=85
H=125,spo=85
H=125,spo=85
H=125,spo=85
H=125,spo=85
H=125,spo=85
H=125,spo=85
H=125,spo=85
H=125,spo=85
H=125,spo=85
H=125,spo=85
H=125,spo=85
H=125,spo=85
H=125,spo=85
H=125,spo=85
H=125,spo=85
H=125,spo=85
H=125,spo=85
H=125,spo=85
H=125,spo=85
H=125,spo=85
H=125,spo=85
H=125,spo=85
H=125,spo=85
H=125,spo=85
H=125,spo=85
H=125,spo=85
H=125,spo=85
H=125,spo=85
H=125,spo=85
H=125,spo=85
H=125,spo=85
H=35,spo=97
H=35,spo=97
H=35,spo=97
H=35,spo=97
H=35,spo=97
H=35,spo=97
H=35,spo=97
H=35,spo=97
H=35,spo=97
H=35,spo=97
H=35,spo=97
H=35,spo=97
H=35,spo=97
H=35,spo=97
H=35,spo=97
H=35,spo=97
H=35,spo=97
H=35,spo=97
H=35,spo=97
H=35,spo=97
H=35,spo=97
H=35,spo=97
H=35,spo=97
H=35,spo=97
H=35,spo=97
H=71,spo=85
H=71,spo=85
H=71,spo=85
H=71,spo=85
H=71,spo=85
H=71,spo=85
H=71,spo=85
H=71,spo=85
H=71,spo=85
H=71,spo=85
H=71,spo=85
H=71,spo=85
H=71,spo=85
H=71,spo=85
H=71,spo=85
